2,Kay,McPherson,kmcpherson1@yahoo.com,Female,(586) 7513732,03/07/2023,24813162
3,James,Gormally,jgormally2@tinyurl.com,Male,(202) 3696277,05/07/2023,28033156
4,Smitty,Prentice,sprentice3@canalblog.com,Male,(869) 9028087,03/07/2023,29812311
5,Tobiah,Sneaker,tsneaker4@lycos.com,Male,(561) 3255451,09/07/2023,30618827
6,Niels,Lauthian,nlauthian5@meetup.com,Male,(359) 2958940,09/07/2023,29445576
9,Tallou,Varty,tvarty8@jiathis.com,Polygender,(694) 2146583,07/07/2023,21026963
10,Zebedee,Rosettini,zrosettini9@fotki.com,Agender,(390) 6800886,05/07/2023,24495155
12,Roarke,Muzzi,rmuzzib@bigcartel.com,Genderqueer,(179) 1280644,04/07/2023,27753164
13,Zechariah,Conisbee,zconisbeec@nps.gov,Male,(624) 6629558,05/07/2023,21135081
14,Even,Briand,ebriandd@prlog.org,Male,(188) 8637064,09/07/2023,29457831
16,Batsheva,Force,bforcef@cloudflare.com,Female,(675) 9698577,02/07/2023,34585001
17,Tamar,Dwerryhouse,tdwerryhouseg@senate.gov,Female,(695) 9801061,08/07/2023,24450980
19,Tom,Kew,tkewi@163.com,Male,(924) 2147887,06/07/2023,24119589
20,Florentia,Magnus,fmagnusj@fda.gov,Female,(820) 6000236,04/07/2023,30902119
21,Mary,Babington,mbabingtonk@blogger.com,Female,(686) 2310797,03/07/2023,26699340
22,Sayre,Hartman,shartmanl@gnu.org,Female,(538) 2515874,09/07/2023,24749283
23,Rufus,Pesselt,rpesseltm@shinystat.com,Male,(719) 3956100,04/07/2023,33448678
24,Erasmus,Tolchar,etolcharn@e-recht24.de,Male,(241) 6264439,03/07/2023,21359433
25,Franciskus,Linnell,flinnello@google.it,Male,(343) 3218158,04/07/2023,24449250
26,Suzy,Almack,salmackp@nytimes.com,Female,(369) 3097737,08/07/2023,34156979
28,Fair,Taphouse,ftaphouser@woothemes.com,Male,(539) 6711700,04/07/2023,25955076
29,Roxi,Speere,rspeeres@networkadvertising.org,Female,(782) 7533572,03/07/2023,29859116
32,Ethelbert,Champagne,echampagnev@china.com.cn,Male,(944) 1354709,04/07/2023,20034761
33,Corabel,Rowbotham,crowbothamw@microsoft.com,Bigender,(903) 4318914,02/07/2023,27802854
36,Rik,Amberson,rambersonz@woothemes.com,Bigender,(715) 6590328,06/07/2023,34302013
37,Francklyn,Fryman,ffryman10@comsenz.com,Male,(963) 1321802,03/07/2023,24667747
39,Tadeo,Lapish,tlapish12@mashable.com,Male,(420) 1600689,09/07/2023,31400724
40,Slade,Godfrey,sgodfrey13@shareasale.com,Male,(414) 3211297,01/07/2023,29915860
41,Cecilius,Sancho,csancho14@last.fm,Male,(663) 6059886,05/07/2023,21135470
42,Aguste,McAllister,amcallister15@w3.org,Male,(805) 4057765,05/07/2023,21382455
43,Daren,Anersen,danersen16@nifty.com,Non-binary,(496) 5361435,03/07/2023,24833714
44,Liva,Eilhertsen,leilhertsen17@163.com,Female,(237) 2009283,05/07/2023,34680159
45,Don,Oliphand,doliphand18@creativecommons.org,Male,(346) 5976850,02/07/2023,27277388
48,Arron,Emmitt,aemmitt1b@ihg.com,Male,(321) 1250773,01/07/2023,20968319
51,Edouard,Halls,ehalls1e@archive.org,Male,(667) 8293867,07/07/2023,25185791
53,Ward,McGuffie,wmcguffie1g@berkeley.edu,Male,(643) 6588557,07/07/2023,31107484
54,Brendin,Calbreath,bcalbreath1h@indiatimes.com,Male,(833) 6941589,09/07/2023,34257928
55,Christie,Spellessy,cspellessy1i@ycombinator.com,Male,(614) 9667008,03/07/2023,24442060
56,Aridatha,Duncanson,aduncanson1j@amazon.de,Female,(551) 4195528,02/07/2023,22297801
58,Pollyanna,Chaster,pchaster1l@twitpic.com,Female,(340) 1768606,07/07/2023,25542257
59,Sander,Burcher,sburcher1m@icq.com,Male,(961) 1227961,03/07/2023,33389130
60,Uriah,Wimpress,uwimpress1n@shareasale.com,Male,(493) 2643016,02/07/2023,28898435
62,Andros,Newall,anewall1p@nature.com,Male,(183) 5987225,05/07/2023,26801560
64,Tasha,Delf,tdelf1r@craigslist.org,Genderfluid,(360) 6787439,05/07/2023,26196992
65,Devland,Pesik,dpesik1s@statcounter.com,Male,(943) 7633903,05/07/2023,22403666
68,Kellen,Cripwell,kcripwell1v@hp.com,Female,(307) 8289115,09/07/2023,23786536
69,Franchot,Vannoni,fvannoni1w@census.gov,Male,(253) 1392764,04/07/2023,30887266
71,Lucinda,Gasticke,lgasticke1y@europa.eu,Female,(633) 1780214,05/07/2023,28998850
73,Briano,Pocknoll,bpocknoll20@sciencedirect.com,Male,(106) 2573140,05/07/2023,22559487
75,Cinderella,Kenn,ckenn22@feedburner.com,Female,(138) 2360040,08/07/2023,21453020
76,Lorri,Henstone,lhenstone23@behance.net,Female,(627) 5254461,06/07/2023,23037728
77,Arin,McMarquis,amcmarquis24@cdc.gov,Male,(103) 1025528,05/07/2023,30518262
78,Dalston,Vernau,dvernau25@cargocollective.com,Male,(554) 5814089,02/07/2023,32163732
79,Emilee,Girhard,egirhard26@bandcamp.com,Female,(767) 3514005,05/07/2023,33234184
80,Arny,Duffill,aduffill27@wix.com,Male,(418) 2310414,07/07/2023,32219973
81,Quentin,Garshore,qgarshore28@networksolutions.com,Male,(863) 2298456,08/07/2023,24627658
83,Deina,Dibdin,ddibdin2a@bravesites.com,Female,(254) 5779304,03/07/2023,23415447
84,Noni,Chiverton,nchiverton2b@thetimes.co.uk,Female,(617) 3810180,07/07/2023,22344040
85,Minnnie,Antonopoulos,mantonopoulos2c@jigsy.com,Female,(829) 2675104,05/07/2023,30728799
86,Adora,Charter,acharter2d@wunderground.com,Genderfluid,(361) 3731486,02/07/2023,29100488
87,Amargo,Rennard,arennard2e@wufoo.com,Female,(912) 5246848,08/07/2023,25196505
89,Locke,Cassam,lcassam2g@mtv.com,Male,(371) 1473778,06/07/2023,22671978
90,Zaccaria,Rosenfrucht,zrosenfrucht2h@prnewswire.com,Male,(259) 8404703,04/07/2023,30172710
92,Nickey,Veltman,nveltman2j@apple.com,Male,(540) 2888450,07/07/2023,31217081
93,Anastasie,Grigoriscu,agrigoriscu2k@google.com.br,Female,(912) 4056804,07/07/2023,29740206
95,Rolfe,Beavon,rbeavon2m@msn.com,Male,(209) 6416398,05/07/2023,25179519
96,Shurwood,McGeraghty,smcgeraghty2n@marketwatch.com,Bigender,(946) 5160944,06/07/2023,31976658
97,Bronnie,Julyan,bjulyan2o@reddit.com,Male,(336) 9489557,07/07/2023,23649726
98,Berk,Orviss,borviss2p@theglobeandmail.com,Male,(626) 5467456,08/07/2023,31804245
99,Katee,Colam,kcolam2q@rediff.com,Female,(999) 4021502,01/07/2023,34751525
100,Alberto,Polino,apolino2r@mit.edu,Male,(740) 2842335,04/07/2023,32518626
101,Kristos,Van den Velde,kvandenvelde2s@cafepress.com,Male,(266) 2041725,05/07/2023,33743330
103,Arty,Wyd,awyd2u@statcounter.com,Male,(896) 1275139,02/07/2023,22808311
104,Yurik,Probetts,yprobetts2v@umn.edu,Male,(496) 2318994,05/07/2023,27432447
106,Emiline,Hendrick,ehendrick2x@mail.ru,Female,(678) 6508260,02/07/2023,29207458
107,Sheri,Fasset,sfasset2y@usnews.com,Female,(559) 1329563,09/07/2023,26603208
108,Alonzo,Sommer,asommer2z@etsy.com,Male,(314) 1921168,09/07/2023,34990782
109,Misty,Berridge,mberridge30@chicagotribune.com,Female,(994) 3505797,02/07/2023,20636662
111,Hilary,Elves,helves32@mtv.com,Male,(616) 2868923,02/07/2023,22580609
113,Diego,Leatt,dleatt34@google.com.hk,Male,(674) 6195313,03/07/2023,25798881
114,Gerianna,Mattaus,gmattaus35@imdb.com,Female,(204) 1607328,07/07/2023,34988909
115,Warner,Bernadon,wbernadon36@newsvine.com,Male,(554) 5369912,02/07/2023,22225418
116,Micaela,Lavallin,mlavallin37@a8.net,Female,(934) 3161545,09/07/2023,31459193
117,Roze,Gravy,rgravy38@mapy.cz,Female,(798) 2033919,09/07/2023,28808518
118,Mada,Palay,mpalay39@bing.com,Female,(418) 6871502,05/07/2023,30227680
119,Christalle,Gartery,cgartery3a@1und1.de,Female,(835) 3587877,06/07/2023,20165067
120,Shea,Briamo,sbriamo3b@360.cn,Male,(864) 1130392,01/07/2023,21047813
121,Rosalind,Ciccone,rciccone3c@oracle.com,Female,(559) 7179371,06/07/2023,29622544
123,Meade,Abramchik,mabramchik3e@opensource.org,Female,(398) 6399581,07/07/2023,20965649
124,Mathilda,Bosnell,mbosnell3f@foxnews.com,Female,(835) 9274854,09/07/2023,29745524
125,Flo,Fenner,ffenner3g@imageshack.us,Female,(723) 7294421,07/07/2023,28632916
126,Calley,Mulvenna,cmulvenna3h@wsj.com,Non-binary,(805) 3285623,07/07/2023,26550883
128,Natty,Ruller,nruller3j@skyrock.com,Female,(362) 9242550,04/07/2023,33160692
129,Adelaide,Carlucci,acarlucci3k@elpais.com,Female,(721) 5152382,06/07/2023,29977403
130,Friedrick,Veschambes,fveschambes3l@istockphoto.com,Male,(283) 1781933,05/07/2023,32349224
131,Kiri,Casina,kcasina3m@simplemachines.org,Female,(435) 8250342,04/07/2023,29782236
132,Clerkclaude,Swidenbank,cswidenbank3n@techcrunch.com,Agender,(763) 6520632,02/07/2023,32665849
133,Jeremiah,Scorrer,jscorrer3o@wp.com,Agender,(915) 4857781,02/07/2023,29473567
134,Lucian,Negri,lnegri3p@craigslist.org,Male,(153) 5374871,09/07/2023,24298802
135,Falito,Bilborough,fbilborough3q@storify.com,Male,(790) 4960188,06/07/2023,33729000
136,Ellsworth,Robardley,erobardley3r@cmu.edu,Male,(135) 3842129,02/07/2023,31182030
137,Emmet,MacRierie,emacrierie3s@telegraph.co.uk,Male,(385) 4829583,02/07/2023,25928004
138,Field,Sellstrom,fsellstrom3t@msu.edu,Male,(830) 3575177,05/07/2023,33910481
139,Hailey,Budge,hbudge3u@yellowbook.com,Male,(559) 2870202,08/07/2023,32568568
140,Carlotta,Coundley,ccoundley3v@about.com,Female,(462) 4121505,09/07/2023,27708834
141,Ann-marie,Willbourne,awillbourne3w@arizona.edu,Female,(314) 1259421,08/07/2023,33098825
142,Hartwell,Scrimgeour,hscrimgeour3x@geocities.com,Bigender,(361) 9745201,07/07/2023,20540465
143,Ab,Tumelty,atumelty3y@instagram.com,Male,(901) 6579230,03/07/2023,32045301
144,Eadmund,Burt,eburt3z@delicious.com,Male,(270) 2009770,04/07/2023,21468070
145,Merle,Feld,mfeld40@paginegialle.it,Agender,(483) 6573451,09/07/2023,32900007
146,Patin,Paradise,pparadise41@google.com.br,Male,(485) 1014708,01/07/2023,32866114
147,Dill,Semens,dsemens42@ucsd.edu,Male,(530) 1368878,02/07/2023,28452122
148,Baxter,Blakebrough,bblakebrough43@wikispaces.com,Male,(459) 4997192,07/07/2023,22938055
150,Melina,Givens,mgivens45@huffingtonpost.com,Female,(282) 8730585,07/07/2023,34181314
151,Bradan,Rodrigues,brodrigues46@instagram.com,Male,(587) 4138350,06/07/2023,28185999
152,Brander,Toope,btoope47@loc.gov,Male,(806) 9626340,02/07/2023,27308354
155,Garrot,Pritchard,gpritchard4a@mozilla.com,Male,(293) 4321051,09/07/2023,21788581
157,Chrissy,Abbis,cabbis4c@home.pl,Male,(900) 3961419,01/07/2023,22953080
158,Verina,Azemar,vazemar4d@examiner.com,Female,(486) 5254810,05/07/2023,33533768
160,Ogdon,Tweddell,otweddell4f@buzzfeed.com,Male,(550) 4453103,02/07/2023,26932765
161,Rafaelita,Mathewson,rmathewson4g@columbia.edu,Female,(224) 2654756,07/07/2023,27883475
163,Corabelle,Amesbury,camesbury4i@etsy.com,Female,(873) 1415111,08/07/2023,20815617
164,Frans,O'Griffin,fogriffin4j@macromedia.com,Male,(122) 4226474,04/07/2023,27857011
165,Hurley,Teacy,hteacy4k@ibm.com,Genderfluid,(279) 2078384,01/07/2023,21758397
166,Terrance,Datte,tdatte4l@youtube.com,Male,(488) 8562565,08/07/2023,30634692
167,Alikee,Seleway,aseleway4m@flickr.com,Female,(783) 7446341,01/07/2023,32206585
168,Forester,Di Biagi,fdibiagi4n@dedecms.com,Male,(315) 6863700,03/07/2023,23926363
170,Karlis,Padly,kpadly4p@huffingtonpost.com,Male,(717) 3434103,08/07/2023,23232803
171,Saudra,Catterson,scatterson4q@constantcontact.com,Female,(927) 6275799,01/07/2023,25921300
172,Brittne,Glaisner,bglaisner4r@github.com,Female,(618) 2475570,09/07/2023,23215959
173,Kissiah,Yurmanovev,kyurmanovev4s@bandcamp.com,Polygender,(784) 4788006,06/07/2023,34083515
174,Orsola,Grimley,ogrimley4t@acquirethisname.com,Female,(924) 8760396,05/07/2023,30607876
175,Leland,Yallowley,lyallowley4u@hibu.com,Female,(870) 1316185,02/07/2023,20544044
176,Gayle,Shorrock,gshorrock4v@state.gov,Female,(571) 6400777,03/07/2023,30092607
177,Hinze,Boutcher,hboutcher4w@google.nl,Male,(928) 6904661,01/07/2023,29787022
178,Barbara,Keattch,bkeattch4x@sourceforge.net,Female,(474) 6696701,03/07/2023,34778964
179,Andreas,Lindsley,alindsley4y@kickstarter.com,Male,(596) 1313431,05/07/2023,31361155
181,Peter,Schoolcroft,pschoolcroft50@scribd.com,Male,(988) 3031746,05/07/2023,22729817
182,Desdemona,Trimby,dtrimby51@economist.com,Female,(113) 6483712,03/07/2023,32967116
183,Marthena,Snawdon,msnawdon52@usnews.com,Female,(367) 3809347,01/07/2023,23424229
184,Francesca,Coweuppe,fcoweuppe53@reuters.com,Female,(407) 6807360,04/07/2023,32862570
185,Misty,Struthers,mstruthers54@de.vu,Female,(478) 4022858,09/07/2023,22830414
186,Warner,Golde,wgolde55@toplist.cz,Genderfluid,(884) 8274824,07/07/2023,24153524
187,Balduin,Cokely,bcokely56@bbc.co.uk,Male,(276) 8153585,02/07/2023,21431210
188,Barth,McGreay,bmcgreay57@google.com.br,Polygender,(724) 3201622,01/07/2023,20366893
189,Joell,Woolforde,jwoolforde58@cdc.gov,Agender,(265) 1077910,01/07/2023,29161613
190,Martie,Bauduccio,mbauduccio59@t.co,Female,(532) 4052678,05/07/2023,20964969
191,Janis,Haliday,jhaliday5a@jalbum.net,Female,(838) 5743175,09/07/2023,25532592
193,Gregoor,Megroff,gmegroff5c@statcounter.com,Male,(410) 5915144,06/07/2023,22027109
194,Noemi,Matuszkiewicz,nmatuszkiewicz5d@scientificamerican.com,Female,(432) 4518052,04/07/2023,27436009
196,Heather,O'Deegan,hodeegan5f@deliciousdays.com,Female,(291) 4706943,02/07/2023,25529951
197,Geordie,Barok,gbarok5g@economist.com,Male,(277) 9799459,02/07/2023,32976381
198,Tiff,MacKibbon,tmackibbon5h@unblog.fr,Female,(290) 9397331,09/07/2023,29107191
199,Claudius,Robecon,crobecon5i@utexas.edu,Male,(148) 9532009,01/07/2023,32183975
200,Fran,Burroughes,fburroughes5j@facebook.com,Male,(303) 5039193,02/07/2023,32651448
202,Monica,Coggin,mcoggin5l@last.fm,Female,(157) 8274251,08/07/2023,29868651
203,Sherye,Slack,sslack5m@youku.com,Bigender,(224) 1425842,02/07/2023,20715908
205,Tedmund,Divill,tdivill5o@un.org,Male,(487) 4517381,03/07/2023,26021815
206,Trudy,Hawkridge,thawkridge5p@parallels.com,Female,(605) 1112058,05/07/2023,26470095
207,Hunt,Kamenar,hkamenar5q@cnbc.com,Male,(836) 3484984,04/07/2023,20161969
208,Juieta,Klulicek,jklulicek5r@ask.com,Female,(226) 8345381,09/07/2023,22312966
209,Jackquelin,Khotler,jkhotler5s@etsy.com,Female,(940) 4583442,03/07/2023,20195160
210,Tabbatha,Oakenfield,toakenfield5t@tumblr.com,Female,(105) 9404964,07/07/2023,27149099
212,Northrup,Orpen,norpen5v@goodreads.com,Male,(352) 9147611,06/07/2023,21359719
214,Homerus,Robken,hrobken5x@icq.com,Male,(492) 4085937,05/07/2023,28684587
215,Hugh,Fitzjohn,hfitzjohn5y@livejournal.com,Non-binary,(463) 9984047,08/07/2023,27922723
216,Melonie,Shann,mshann5z@wired.com,Genderfluid,(573) 7350484,03/07/2023,32876530
217,Tybie,Borel,tborel60@ihg.com,Female,(179) 7899983,08/07/2023,21208993
218,Huntington,McHardy,hmchardy61@rambler.ru,Male,(955) 2339167,07/07/2023,20861774
219,Malory,Stuck,mstuck62@vinaora.com,Female,(493) 1642844,08/07/2023,28173299
220,Milt,Brent,mbrent63@google.com,Male,(342) 1731511,06/07/2023,22155309
221,Noak,Onyon,nonyon64@youtube.com,Male,(356) 4086524,08/07/2023,27684798
222,Fern,Itzkovich,fitzkovich65@bluehost.com,Female,(727) 9045095,09/07/2023,29052999
224,Tammie,Mullis,tmullis67@accuweather.com,Bigender,(133) 2906431,02/07/2023,23742777
225,Kippie,Mityashin,kmityashin68@unc.edu,Female,(164) 9791877,06/07/2023,24212910
226,Di,Simenet,dsimenet69@free.fr,Female,(703) 4863884,01/07/2023,33963285
227,Francisco,Altimas,faltimas6a@gizmodo.com,Non-binary,(767) 4507925,02/07/2023,33810345
228,Joachim,O'Lahy,jolahy6b@geocities.com,Male,(181) 4841380,08/07/2023,22283036
229,Aloysius,Annakin,aannakin6c@ask.com,Male,(440) 4218066,01/07/2023,27006912
230,Nani,Castell,ncastell6d@usa.gov,Female,(344) 9966359,06/07/2023,28362013
231,Irma,Iori,iiori6e@cyberchimps.com,Female,(835) 3310844,02/07/2023,33068834
232,Perceval,Symson,psymson6f@ox.ac.uk,Male,(581) 4417790,07/07/2023,32966315
233,Giuseppe,Zywicki,gzywicki6g@earthlink.net,Male,(719) 8711821,01/07/2023,23655803
234,Early,Grouen,egrouen6h@godaddy.com,Agender,(859) 9118260,09/07/2023,28947741
235,Mic,Lorence,mlorence6i@issuu.com,Male,(362) 6983919,06/07/2023,27794318
237,Colan,Sacher,csacher6k@amazon.co.uk,Polygender,(482) 7984403,03/07/2023,23903051
239,Lyndsay,Rodenborch,lrodenborch6m@nationalgeographic.com,Female,(574) 1095053,05/07/2023,32913191
240,Trixy,Janowski,tjanowski6n@tiny.cc,Female,(786) 5623119,05/07/2023,30932033
241,Leone,Skatcher,lskatcher6o@google.pl,Female,(182) 8855301,01/07/2023,32451090
242,Alley,Learman,alearman6p@ow.ly,Male,(228) 7829196,04/07/2023,23523367
244,Buck,Hallgate,bhallgate6r@sitemeter.com,Male,(265) 1343195,08/07/2023,30841792
245,Sidnee,Matthews,smatthews6s@addthis.com,Male,(501) 6461053,01/07/2023,29796136
246,Gilly,Bosche,gbosche6t@bloglines.com,Female,(702) 1709220,08/07/2023,29850441
248,Arleta,Gildea,agildea6v@dropbox.com,Female,(532) 9935673,01/07/2023,25055397
250,Deedee,Kirgan,dkirgan6x@craigslist.org,Female,(742) 6087724,02/07/2023,27642641
252,Dulcea,Saich,dsaich6z@opensource.org,Female,(633) 8440351,09/07/2023,28822690
253,Wynne,Weth,wweth70@uiuc.edu,Female,(568) 3863299,05/07/2023,29215198
254,Selie,Speek,sspeek71@last.fm,Female,(756) 2480878,03/07/2023,21973852
255,Roanne,Rossbrook,rrossbrook72@wisc.edu,Genderqueer,(832) 2632821,04/07/2023,30443768
256,Imelda,Yakubowicz,iyakubowicz73@moonfruit.com,Female,(942) 2294942,04/07/2023,22070877
257,Flint,D'Adda,fdadda74@macromedia.com,Male,(262) 4118545,02/07/2023,23336693
258,Tiertza,Van den Velden,tvandenvelden75@infoseek.co.jp,Female,(110) 7917352,05/07/2023,24967448
259,Chandler,Gilchrest,cgilchrest76@loc.gov,Non-binary,(818) 5966447,06/07/2023,29467146
260,Brucie,Rummin,brummin77@clickbank.net,Male,(803) 7833922,04/07/2023,27353660
262,Alvira,Gahagan,agahagan79@multiply.com,Female,(816) 2052034,07/07/2023,21547221
263,Selle,Dy,sdy7a@geocities.com,Female,(543) 6475757,03/07/2023,32951313
264,Felike,Lepere,flepere7b@plala.or.jp,Male,(704) 1803532,03/07/2023,27877977
265,Etan,Carren,ecarren7c@free.fr,Male,(467) 2091748,05/07/2023,24353466
267,Janean,McNutt,jmcnutt7e@biblegateway.com,Female,(664) 2950658,04/07/2023,22743956
269,Eduardo,Jagielski,ejagielski7g@desdev.cn,Male,(908) 7995592,08/07/2023,25199577
271,Freida,Tomczykiewicz,ftomczykiewicz7i@pagesperso-orange.fr,Female,(832) 7634745,09/07/2023,30073864
272,Tucker,Mobius,tmobius7j@e-recht24.de,Male,(756) 2975184,09/07/2023,22609399
273,Joseito,Wagen,jwagen7k@yale.edu,Male,(670) 1094369,09/07/2023,32513666
277,Kessia,Castilljo,kcastilljo7o@apache.org,Female,(155) 5663865,08/07/2023,25475828
278,Eulalie,Beggini,ebeggini7p@upenn.edu,Female,(351) 1768872,05/07/2023,22327901
279,Felisha,Whopples,fwhopples7q@surveymonkey.com,Female,(914) 4632713,09/07/2023,25160882
280,Georgeta,Woehler,gwoehler7r@surveymonkey.com,Female,(988) 9030965,08/07/2023,27641962
282,Aurlie,Moodey,amoodey7t@europa.eu,Female,(126) 5815083,08/07/2023,32060344
283,Kamillah,Catterell,kcatterell7u@nytimes.com,Female,(429) 8235716,01/07/2023,33090901
284,Nance,Hearley,nhearley7v@skyrock.com,Non-binary,(491) 4529031,05/07/2023,31182121
285,Saunders,Ettridge,settridge7w@infoseek.co.jp,Male,(714) 6186333,03/07/2023,30450220
286,Elmira,Piele,epiele7x@friendfeed.com,Female,(646) 3412037,09/07/2023,27777503
287,Courtenay,Bothwell,cbothwell7y@edublogs.org,Female,(183) 8655236,08/07/2023,26773010
288,Shannen,Furze,sfurze7z@altervista.org,Female,(126) 3908502,05/07/2023,30158439
289,Monty,Le Marquand,mlemarquand80@woothemes.com,Male,(391) 5211837,06/07/2023,30374583
290,Brewster,Dunbobbin,bdunbobbin81@auda.org.au,Male,(493) 2589768,08/07/2023,23984433
291,Ardelle,Stewartson,astewartson82@oakley.com,Female,(486) 1745457,04/07/2023,29154756
292,Olva,Close,oclose83@scientificamerican.com,Female,(596) 4346980,01/07/2023,32739484
298,Dennis,Shatliff,dshatliff89@sitemeter.com,Male,(905) 9984515,08/07/2023,25253731
299,Vick,Haensel,vhaensel8a@apache.org,Male,(741) 8089545,01/07/2023,33097667
300,Arielle,Bragger,abragger8b@linkedin.com,Female,(576) 3695293,01/07/2023,29970534
