23241861,Berkley,Perico,bperico4e@gizmodo.com,Polygender,04/11/2022,1,29/06/2023,(282) 4144122
67643434,Kinna,Duhig,kduhig7p@e-recht24.de,Female,26/11/2022,1,09/09/2023,(418) 8336733
56870411,Matty,Bim,mbime3@com.com,Male,01/07/2022,1,26/10/2022,(357) 1742750
68136773,Charity,Persey,cperseymg@a8.net,Female,18/02/2023,1,27/07/2023,(413) 7774012
62675183,Carolan,Noto,cnoton7@marketwatch.com,Female,21/08/2022,1,26/04/2023,(468) 4704526
81362769,Kathrine,Yarnton,kyarntonqf@walmart.com,Female,21/05/2023,1,13/08/2023,(138) 4255357
41493392,Ray,Killigrew,rkilligrew6d@cnet.com,Female,25/07/2022,2,17/02/2023,(107) 3476168
49859967,Virginie,Heller,vhellercc@google.de,Female,08/05/2023,2,20/09/2023,(782) 6428517
92416732,Tori,Mardell,tmardelllx@ihg.com,Female,07/08/2022,2,26/09/2022,(812) 2835080
49925393,Brinn,Simmank,bsimmankoq@networksolutions.com,Female,24/06/2022,2,12/06/2023,(081) 4627036
90535708,Paxon,Diddams,pdiddamsfi@oracle.com,Male,03/06/2023,3,21/12/2023,(524) 1126176
12031096,Germain,Backhurst,gbackhurston@cloudflare.com,Male,14/09/2022,3,05/02/2023,(422) 6811274
63841242,Finley,Brockhurst,fbrockhurstni@360.cn,Male,07/12/2022,4,01/07/2023,(023) 3012830
30230139,Leeanne,Crapper,lcrapperpg@netvibes.com,Polygender,22/06/2022,4,03/11/2023,(776) 7312812
15682342,Dennie,Edgson,dedgson5v@cisco.com,Female,27/07/2022,5,08/10/2023,(575) 2011440
48927998,Hedwiga,Loude,hloude8u@4shared.com,Agender,15/02/2023,5,22/05/2023,(008) 3727328
62400879,Auberon,Coffelt,acoffeltdp@springer.com,Male,25/04/2023,5,22/06/2023,(726) 1663078
13652229,Aurie,Bediss,abedissq1@amazon.co.jp,Female,11/03/2023,6,14/08/2023,(750) 1243462
55724621,Rice,Itzkovitch,ritzkovitchpm@t.co,Male,10/05/2023,7,21/05/2023,(770) 5063334
22996548,Marabel,Keable,mkeable2m@kickstarter.com,Agender,22/02/2023,8,23/08/2023,(766) 3155431
84743106,Christiano,Cushworth,ccushworthcu@shareasale.com,Male,26/05/2023,8,15/08/2023,(408) 2267805
14826127,Gus,Laviste,glaviste91@facebook.com,Male,15/02/2023,9,18/09/2023,(035) 0178470
81470994,Aleece,Chapiro,achapiroep@cmu.edu,Female,23/11/2022,9,15/01/2023,(054) 4315383
61129611,Sindee,Gravett,sgravettk2@sakura.ne.jp,Female,28/12/2022,9,20/05/2023,(464) 4774548
19876576,Xerxes,Samwell,xsamwellrl@posterous.com,Male,31/12/2022,9,18/03/2023,(204) 8354274
96935240,Tierney,Cliburn,tcliburn8i@fda.gov,Female,13/02/2023,10,24/08/2023,(634) 1856822
25245786,Letti,Lockey,llockeydo@nba.com,Female,25/05/2023,10,15/06/2023,(628) 4812141
17968820,Wendye,Findley,wfindley1o@simplemachines.org,Female,20/04/2023,11,21/11/2023,(774) 0476678
51818764,Marissa,Giamitti,mgiamitti4z@angelfire.com,Female,07/07/2022,11,27/08/2023,(501) 2821586
49838746,Bord,Ravilious,braviliouslz@japanpost.jp,Male,06/03/2023,11,12/04/2023,(075) 1160773
39889687,Alisun,Billson,abillsonpo@flickr.com,Female,09/03/2023,11,25/08/2023,(636) 6668700
5425282,Billie,Buck,bbuckdv@craigslist.org,Male,10/09/2022,12,04/10/2022,(247) 6334140
37993434,Bruce,Vosse,bvosse9b@harvard.edu,Male,09/04/2023,13,14/11/2023,(730) 0587184
19681466,Meade,De Laspee,mdelaspeek6@myspace.com,Male,22/10/2022,13,05/08/2023,(076) 3371415
61507489,Nerty,Kobpac,nkobpacph@creativecommons.org,Female,02/05/2023,13,19/05/2023,(887) 0237004
17556728,Ode,Hackworth,ohackworthiy@mediafire.com,Male,17/08/2022,14,30/10/2022,(344) 3581315
34911601,Ettie,Piatti,epiatti3@patch.com,Female,03/05/2023,15,09/08/2023,(451) 4277374
414383,Shaw,Legister,slegister97@delicious.com,Male,27/08/2022,15,07/10/2022,(230) 2128845
38802814,Guillermo,Elphee,gelpheeq4@webnode.com,Male,24/08/2022,15,08/05/2023,(060) 2221707
17767946,Michele,Ovington,movington2y@cnbc.com,Male,01/12/2022,16,24/08/2023,(273) 2234865
6001328,Lorrayne,Sollam,lsollam2p@bloomberg.com,Female,03/04/2023,17,29/06/2023,(181) 6371301
79307454,Davis,Episcopio,depiscopiodr@i2i.jp,Male,10/02/2023,17,16/08/2023,(671) 7034284
9313341,Pedro,Izat,pizatfq@chicagotribune.com,Male,29/11/2022,17,21/02/2023,(265) 5634722
83697444,Tamara,Spieck,tspieckjk@blogs.com,Female,29/09/2022,17,28/10/2022,(761) 5761170
64168264,Pippa,Wildes,pwildesog@quantcast.com,Female,22/08/2022,17,09/09/2022,(502) 8367485
34032640,Margie,Arnell,marnell4m@meetup.com,Female,29/03/2023,18,06/09/2023,(452) 6461602
60723374,Angelico,Cranny,acranny4s@illinois.edu,Male,17/12/2022,18,01/02/2023,(180) 6500142
84273370,Griff,Peakman,gpeakman90@oracle.com,Male,02/02/2023,18,19/07/2023,(261) 7475866
72214844,Patrizio,Staines,pstainesap@oakley.com,Male,15/05/2023,18,06/11/2023,(476) 0868584
36024410,Tedd,Ruddell,truddellov@desdev.cn,Male,14/02/2023,18,29/09/2023,(454) 3767366
49988788,Wyatan,Stuchberry,wstuchberry2e@naver.com,Male,06/07/2022,19,23/08/2023,(427) 1785426
17615035,Miof mela,Spridgen,mspridgenh0@ask.com,Female,26/08/2022,19,23/12/2022,(373) 3645016
86380782,Thomas,Andell,tandello9@multiply.com,Male,17/09/2022,19,22/12/2022,(016) 0456567
80325424,Clarey,Trice,ctriceng@apple.com,Female,01/05/2023,20,25/06/2023,(114) 0782673
58712787,Lonny,Arrington,larrington7s@imdb.com,Male,31/12/2022,21,27/08/2023,(358) 2546061
44238317,Max,Kneaphsey,mkneaphseybk@printfriendly.com,Female,11/12/2022,21,16/03/2023,(838) 7644253
21359553,Olav,Skocroft,oskocroftld@simplemachines.org,Male,09/06/2022,21,11/04/2023,(423) 1528838
95600585,Lauraine,Jacqueminot,ljacqueminotns@canalblog.com,Female,28/11/2022,21,02/01/2023,(643) 8721122
20363566,Maurizia,Casse,mcasseol@upenn.edu,Female,08/04/2023,21,26/05/2023,(723) 6401022
28969753,Hilarius,Chumley,hchumleyp0@wikipedia.org,Male,23/04/2023,21,23/10/2023,(251) 5036760
67133434,Pepita,Okey,pokeyqs@edublogs.org,Female,20/09/2022,21,20/12/2022,(751) 2833184
65780078,Abey,Kindred,akindred1e@mysql.com,Male,09/04/2023,22,16/05/2023,(011) 7818446
54618636,Audrey,Espinoza,aespinoza7d@lycos.com,Female,20/06/2022,23,26/12/2023,(228) 1677200
63645069,Lindie,Jacobi,ljacobi3n@cnn.com,Female,24/11/2022,25,28/01/2023,(457) 0106071
17132511,Dallon,O'Sheilds,dosheilds44@chronoengine.com,Bigender,28/01/2023,25,27/10/2023,(037) 7632882
49720264,Sherry,Angless,sangless7k@feedburner.com,Female,28/12/2022,25,19/12/2023,(003) 2176464
82008774,Gwendolyn,Denny,gdennyf@diigo.com,Female,07/10/2022,26,18/12/2023,(756) 8721650
66765042,Brand,Betancourt,bbetancourt3v@marriott.com,Genderqueer,05/02/2023,26,31/08/2023,(356) 5533852
64651367,Bevon,Alcorn,balcorn45@xrea.com,Male,27/10/2022,26,23/07/2023,(377) 5508710
26177430,Alikee,Igonet,aigonetc0@berkeley.edu,Female,27/07/2022,26,01/10/2022,(601) 2802236
69191963,Oswell,Conyers,oconyersml@lulu.com,Male,17/07/2022,26,05/08/2022,(464) 4304631
46197531,Vevay,Andriuzzi,vandriuzziqa@apache.org,Female,17/06/2022,26,31/03/2023,(807) 7287388
66767381,Karmen,Mirams,kmirams5z@odnoklassniki.ru,Female,09/06/2022,27,25/08/2022,(813) 8621747
6471355,Artemas,Bevir,abevir96@google.it,Male,22/08/2022,27,16/12/2023,(816) 1012785
58642507,Danit,Tremberth,dtremberthbb@360.cn,Female,20/07/2022,27,09/08/2023,(868) 7830446
97507765,Gayleen,Woliter,gwolitere6@vistaprint.com,Female,04/11/2022,27,24/03/2023,(240) 4114111
92400977,Danya,Gavrielly,dgavriellyj7@taobao.com,Female,22/01/2023,27,14/05/2023,(640) 4838016
61025755,Rudolfo,Nelles,rnellesnh@comsenz.com,Male,10/02/2023,27,02/11/2023,(230) 4724064
65205324,Anica,Schuchmacher,aschuchmacheroc@shareasale.com,Bigender,07/03/2023,27,13/09/2023,(065) 0374122
51330451,Anitra,Wallworth,awallworthrn@nasa.gov,Bigender,25/02/2023,27,19/09/2023,(336) 2651772
79567497,Cecilia,Thatcher,cthatcheriq@ihg.com,Female,18/09/2022,28,20/10/2023,(615) 8681543
97920921,Eugenia,Leaney,eleaneyam@google.ca,Female,04/02/2023,29,21/08/2023,(171) 2616117
79587252,Maryjane,Fitzsymonds,mfitzsymondsfo@cdc.gov,Female,01/06/2023,29,11/10/2023,(410) 4881450
98672342,Rip,McIlmurray,rmcilmurrayh6@smugmug.com,Non-binary,02/08/2022,29,16/07/2023,(651) 3423285
22390912,Redd,L'argent,rlargenti8@ihg.com,Male,02/01/2023,29,22/12/2023,(864) 3630351
33348920,Phillie,Pemberton,ppembertonnr@statcounter.com,Female,09/04/2023,29,16/05/2023,(171) 6607467
92033414,Zulema,Batie,zbatie48@myspace.com,Female,01/04/2023,30,04/12/2023,(632) 6852022
95854997,Mikael,Knapman,mknapman5n@tamu.edu,Male,22/08/2022,30,11/12/2022,(540) 5872048
54446909,Horatius,Blaiklock,hblaiklockfe@acquirethisname.com,Male,20/11/2022,30,03/06/2023,(506) 2273525
87065743,Mikael,Flannery,mflannerygg@elegantthemes.com,Male,03/06/2023,30,25/08/2023,(021) 8606652
9508730,Janith,Fattorini,jfattorinih5@umn.edu,Female,16/11/2022,30,30/08/2023,(386) 0126335
1701715,Elsworth,Berggren,eberggrenqw@nytimes.com,Male,26/05/2023,30,26/09/2023,(004) 3724572
52939944,Bealle,Union,bunionbo@stanford.edu,Male,14/09/2022,31,04/03/2023,(061) 5456501
36654425,Garrik,Simnell,gsimnelliu@storify.com,Male,10/10/2022,31,06/03/2023,(671) 0461061
25448453,Pauli,Ellwell,pellwellae@jalbum.net,Female,03/05/2023,32,26/12/2023,(837) 2352026
13204141,Alfie,Tripcony,atripconycp@soup.io,Male,08/11/2022,32,24/05/2023,(333) 3230086
47530046,Walsh,Mattea,wmatteam0@chronoengine.com,Male,23/04/2023,32,11/06/2023,(246) 5216771
13510276,Royall,Shimony,rshimonyfp@sitemeter.com,Male,11/10/2022,33,17/03/2023,(552) 4003315
51739066,Marsiella,Pischel,mpischeljq@vinaora.com,Female,12/01/2023,33,31/08/2023,(502) 2240434
66979213,Massimo,Follows,mfollowsb3@rediff.com,Male,17/07/2022,34,07/08/2023,(386) 3535864
21536756,Fredric,Berends,fberendsd8@nifty.com,Male,23/03/2023,34,19/05/2023,(453) 8528184
25012290,Curt,Beadnell,cbeadnellgm@squidoo.com,Male,26/10/2022,34,25/08/2023,(701) 4176830
76909579,Ruthie,Pettet,rpettetqh@w3.org,Genderfluid,14/09/2022,34,11/12/2023,(848) 8385687
69000228,Georgie,Sturt,gsturtqi@mlb.com,Female,23/12/2022,34,13/05/2023,(367) 8641518
12527492,Norma,Doleman,ndolemana@usa.gov,Female,08/12/2022,35,18/01/2023,(231) 2023735
26342100,Sallyanne,Ciotto,sciottohc@geocities.jp,Female,02/08/2022,35,01/01/2023,(272) 6344180
64124913,Danielle,Melledy,dmelledy52@163.com,Bigender,29/10/2022,36,03/04/2023,(876) 6826687
57076571,El,Biss,ebiss6j@furl.net,Male,11/01/2023,36,18/12/2023,(531) 5726108
85774579,Cary,Raeburn,craeburno2@mit.edu,Male,04/06/2023,36,10/08/2023,(885) 2364372
64714407,Wendall,Kindley,wkindley7z@cargocollective.com,Male,29/11/2022,37,17/11/2023,(856) 8420421
35183838,Corena,Charlick,ccharlickas@businessinsider.com,Female,02/06/2023,37,03/07/2023,(868) 2708642
52379777,Sissie,MacIlraith,smacilraithhe@google.ca,Female,30/04/2023,37,09/11/2023,(104) 8882331
25567622,Cherilyn,Gothliff,cgothliffhz@ycombinator.com,Female,12/03/2023,37,10/07/2023,(118) 7847447
98310421,Fiann,Pryde,fprydelq@bbc.co.uk,Female,24/09/2022,37,24/08/2023,(114) 5574718
8668345,Konstance,Alessandrini,kalessandrinir8@reddit.com,Female,24/07/2022,37,09/08/2023,(283) 7242043
16655828,Vale,Arrol,varrol53@360.cn,Male,19/06/2022,38,04/07/2023,(470) 0677427
59981898,Maje,Plessing,mplessing7f@shutterfly.com,Male,02/01/2023,38,27/02/2023,(700) 3531181
58195372,Bancroft,Bassett,bbassettgd@umn.edu,Male,16/07/2022,38,25/07/2023,(010) 3154727
4921118,Dukie,Berrie,dberrieny@senate.gov,Male,17/11/2022,38,28/06/2023,(403) 4823165
35958948,Charmaine,Malarkey,cmalarkeyb6@drupal.org,Female,25/03/2023,39,16/04/2023,(710) 8452138
62258476,Katey,Gosse,kgosseb8@t-online.de,Female,29/12/2022,39,21/02/2023,(824) 8831535
73235529,Nevsa,O' Timony,notimonyp1@utexas.edu,Female,24/10/2022,39,03/11/2023,(363) 2880505
54222690,Kayla,Limpertz,klimpertz70@smugmug.com,Female,14/10/2022,40,20/12/2022,(271) 1334571
80439231,Clarke,Werendell,cwerendell7g@bandcamp.com,Genderfluid,28/07/2022,40,02/07/2023,(625) 5800857
68239063,Corey,Heinritz,cheinritzqn@slashdot.org,Male,08/10/2022,40,27/01/2023,(020) 1255158
36414806,Sandro,Simants,ssimantsgp@yandex.ru,Male,10/08/2022,41,01/10/2022,(852) 0636440
40007460,Kelcy,Farnham,kfarnhammw@slashdot.org,Female,11/08/2022,41,10/09/2023,(330) 6712842
23364052,Fidelia,Foulks,ffoulksnz@woothemes.com,Female,14/01/2023,42,23/01/2023,(427) 3104807
38848385,Dallon,Gradwell,dgradwell54@salon.com,Male,10/09/2022,43,28/12/2023,(373) 1157785
18580489,Helenka,Twydell,htwydell9n@1und1.de,Female,25/04/2023,43,15/08/2023,(524) 7644574
45023072,Lyndel,Asbery,lasbery8n@mac.com,Female,05/03/2023,44,24/09/2023,(004) 8334542
36269384,Gorden,Pennino,gpenninoec@networksolutions.com,Male,11/03/2023,44,24/03/2023,(013) 3880841
83362189,Leisha,Kem,lkemfg@a8.net,Female,17/01/2023,44,23/09/2023,(506) 7083353
79158146,Camila,Praundlin,cpraundlinr7@psu.edu,Female,16/03/2023,44,23/05/2023,(446) 8025302
23410719,Godart,Ollerhead,gollerheadn@psu.edu,Male,23/03/2023,45,19/05/2023,(035) 2521488
75529920,Gertrudis,Jindrich,gjindrich1l@soup.io,Female,27/04/2023,45,02/12/2023,(384) 8105773
61819963,Amata,Fortescue,afortescue39@tiny.cc,Polygender,23/09/2022,46,18/02/2023,(384) 2517004
37152706,Lesley,Davoren,ldavoreni3@paginegialle.it,Female,29/06/2022,46,20/10/2023,(811) 2824850
10263676,Hunter,Torricina,htorricinai9@wired.com,Male,22/11/2022,46,21/01/2023,(651) 8645133
14095732,Locke,Woolston,lwoolstonnj@eventbrite.com,Male,07/05/2023,46,28/07/2023,(136) 8260887
26783625,Zeke,Bony,zbony5y@ezinearticles.com,Male,11/08/2022,47,27/11/2022,(341) 5221750
55687126,Bethena,Parades,bparadeses@abc.net.au,Female,08/07/2022,47,11/12/2022,(488) 1858685
54502604,Emily,Fronczak,efronczakpk@angelfire.com,Genderfluid,02/05/2023,47,08/06/2023,(228) 2340314
74883147,Emery,Wigg,ewigg0@apple.com,Male,15/07/2022,48,10/03/2023,(747) 1274445
62514362,Enrika,Medlen,emedlen9w@people.com.cn,Female,22/03/2023,48,30/04/2023,(267) 5124717
48568482,Alisha,Innwood,ainnwoodkt@ycombinator.com,Female,03/05/2023,48,24/10/2023,(384) 5488456
91878320,Gilli,Acreman,gacremanlm@nature.com,Female,25/12/2022,48,09/11/2023,(017) 2858721
67231152,Elizabeth,Blown,eblown2b@dedecms.com,Female,26/02/2023,49,26/12/2023,(642) 6016065
31072219,Aliza,Hulson,ahulson73@1und1.de,Female,25/03/2023,49,13/04/2023,(215) 0767375
49468636,Lisette,Elles,lelleseg@altervista.org,Female,07/11/2022,49,10/12/2023,(704) 8355010
9376069,Alexio,Petruk,apetrukht@ucla.edu,Male,26/02/2023,49,01/12/2023,(687) 2622474
41877256,Joyce,Fillingham,jfillinghami6@smh.com.au,Female,08/09/2022,49,12/02/2023,(600) 0023211
20392390,Veda,Ties,vtiesii@technorati.com,Female,30/03/2023,49,03/06/2023,(007) 5553233
74351310,Lefty,Ferri,lferrimr@google.com.br,Male,31/07/2022,49,12/08/2022,(751) 3145312
65647547,Wilmar,Dugget,wdugget38@arizona.edu,Male,20/07/2022,50,02/07/2023,(088) 3443127
60166887,Tomi,Abells,tabellsiv@pbs.org,Female,17/10/2022,50,08/08/2023,(182) 8802156
44621284,Iolanthe,Richter,irichter4@123-reg.co.uk,Female,24/10/2022,51,14/04/2023,(334) 7842861
95602599,Linoel,Perigoe,lperigoe1q@nps.gov,Male,10/12/2022,51,03/05/2023,(406) 4015184
330881,Georgetta,Murie,gmurie9a@nationalgeographic.com,Female,12/12/2022,51,19/04/2023,(585) 3002081
6332926,Mordy,Zellick,mzellick1d@hibu.com,Male,07/06/2023,52,11/07/2023,(401) 5054742
47644851,Barbara,Baish,bbaish1z@mlb.com,Female,11/11/2022,52,29/04/2023,(224) 2343353
99229121,Bronny,Abbes,babbes5j@cisco.com,Male,17/04/2023,52,27/11/2023,(541) 3552707
94704378,Glad,Hartus,ghartusce@phpbb.com,Female,07/03/2023,52,09/11/2023,(487) 4406573
66697285,Scott,Dainty,sdaintyf1@prweb.com,Male,05/01/2023,52,25/03/2023,(058) 2187876
85427755,Oralle,Base,obaself@tamu.edu,Female,18/12/2022,52,29/12/2022,(156) 6272333
74448820,Mack,Yakunkin,myakunkin5x@berkeley.edu,Male,11/12/2022,53,14/12/2023,(150) 6147200
57964563,Paul,Rantoul,prantoulc4@diigo.com,Male,06/05/2023,53,12/10/2023,(272) 3425638
12577973,Nickolas,Giabucci,ngiabuccinf@netlog.com,Male,24/10/2022,53,12/04/2023,(130) 4747438
19404684,Kale,Lamar,klamarrd@biglobe.ne.jp,Male,06/04/2023,53,04/08/2023,(137) 0854465
349027,Deeann,Badini,dbadini6i@fotki.com,Female,21/04/2023,54,06/05/2023,(274) 0738254
73291748,Jessa,Everil,jeveriljh@yale.edu,Female,02/09/2022,54,28/07/2023,(478) 6606776
97774722,Launce,Berndtsson,lberndtssonky@printfriendly.com,Male,30/08/2022,54,18/03/2023,(012) 6001272
86433084,Kaile,Seif,kseif5f@psu.edu,Female,22/08/2022,55,06/09/2022,(732) 6238545
47516940,Wynne,Altham,waltham81@adobe.com,Female,08/05/2023,55,15/12/2023,(386) 7345736
99262013,Selig,Duchateau,sduchateau3l@mediafire.com,Male,04/05/2023,56,12/06/2023,(813) 5728473
87473896,Kathye,Bollin,kbollin64@jigsy.com,Female,11/12/2022,56,10/01/2023,(087) 0241618
46021265,Jacqui,Goroni,jgoronibl@prweb.com,Female,21/03/2023,56,30/11/2023,(116) 5054643
81105393,Roxanna,Raybould,rraybouldil@google.es,Female,21/02/2023,56,25/08/2023,(708) 3304280
98066433,Abel,Gunther,agunthernb@rakuten.co.jp,Male,16/07/2022,56,24/05/2023,(466) 8171386
16152701,Dorie,Fulbrook,dfulbrooknc@google.com.hk,Male,20/05/2023,56,09/06/2023,(101) 1742821
16982272,Cecil,Lambrecht,clambrechtpu@ameblo.jp,Female,26/04/2023,56,23/05/2023,(816) 5530285
53258667,Maryrose,Antonijevic,mantonijevic5g@ox.ac.uk,Female,24/09/2022,57,14/03/2023,(180) 6301310
65388262,Klara,Mallalieu,kmallalieuah@wikispaces.com,Female,27/06/2022,57,09/12/2022,(071) 8078603
91283537,Conny,Gunton,cguntonbd@booking.com,Male,12/06/2022,57,27/12/2023,(806) 7585245
99704920,Lisle,Wartonby,lwartonbyct@unesco.org,Genderqueer,17/05/2023,57,18/07/2023,(044) 1752383
72799435,Joan,McGeachey,jmcgeacheykw@hp.com,Agender,29/08/2022,57,29/07/2023,(551) 2046767
43427109,Wade,O' Shea,wosheams@bluehost.com,Male,18/04/2023,57,02/09/2023,(012) 6853706
12116939,Windham,Boar,wboar3z@php.net,Male,30/10/2022,58,17/02/2023,(772) 8337162
52130808,Andrey,Strainge,astraingedc@archive.org,Male,02/12/2022,58,17/08/2023,(487) 1337068
951397,Bridget,Longfield,blongfieldkj@psu.edu,Female,19/01/2023,58,28/07/2023,(215) 6273056
35703041,Kaylil,Haggerwood,khaggerwooda3@umich.edu,Female,10/12/2022,59,15/12/2022,(481) 7616837
41976867,Pat,Fulep,pfulepcx@oaic.gov.au,Male,04/09/2022,59,16/12/2023,(444) 1477056
51345379,Regine,Vass,rvassk8@alexa.com,Female,11/10/2022,61,21/07/2023,(771) 0716884
58051305,Ivar,Larver,ilarver17@slashdot.org,Male,30/08/2022,62,17/01/2023,(315) 0755348
39683930,Matias,Guiso,mguisohh@abc.net.au,Male,28/10/2022,62,21/11/2022,(850) 4818024
64049978,Marcelle,Padgham,mpadghammx@salon.com,Female,11/07/2022,62,17/11/2023,(103) 8070677
67066974,Belinda,Stenett,bstenetti4@instagram.com,Female,14/11/2022,63,25/11/2023,(102) 0024465
32748077,Barnebas,Sloegrave,bsloegravel5@goo.gl,Male,08/11/2022,63,25/07/2023,(346) 3502612
51562361,Kelley,Widmoor,kwidmoordf@who.int,Male,16/12/2022,64,14/06/2023,(107) 6650708
60360738,Frank,Waddams,fwaddamsej@com.com,Female,13/01/2023,64,14/06/2023,(482) 1114085
40156811,Warner,Shellum,wshellumfm@opera.com,Male,12/11/2022,64,17/06/2023,(116) 3265580
93408411,Wrennie,Chitson,wchitsonjn@geocities.com,Female,03/09/2022,64,28/11/2022,(178) 3027763
53032214,Lyn,Scoular,lscoular2l@wsj.com,Female,12/05/2023,66,05/07/2023,(347) 7118064
86068222,April,Hugle,ahugle9o@drupal.org,Female,16/02/2023,66,05/07/2023,(585) 3840444
81526692,Burl,Paffot,bpaffotly@fema.gov,Male,09/09/2022,66,03/04/2023,(446) 5540555
29710401,Garald,Badsworth,gbadsworth3i@comsenz.com,Male,09/06/2022,67,20/07/2023,(085) 0313588
17332823,Cassius,Hankinson,chankinsonef@cnbc.com,Male,05/11/2022,67,15/12/2022,(042) 4205475
89860375,Fletcher,Favey,ffavey86@hc360.com,Male,09/12/2022,68,13/12/2023,(040) 2415258
69665029,Arnold,Fisbburne,afisbburnej3@alexa.com,Male,29/11/2022,68,18/09/2023,(577) 8005263
56177112,Julius,Moulson,jmoulsonrm@biblegateway.com,Male,01/09/2022,68,26/04/2023,(677) 4221240
32440685,Dana,Aisman,daisman8m@goo.gl,Male,05/11/2022,69,09/08/2023,(138) 0401251
72927990,Latashia,Dabney,ldabneykh@ca.gov,Female,09/08/2022,69,25/12/2023,(264) 0120126
79562779,Katey,Gieves,kgievesle@e-recht24.de,Female,15/04/2023,69,21/12/2023,(817) 8030801
97473295,Kienan,Ianilli,kianillip2@prlog.org,Male,30/12/2022,69,30/11/2023,(704) 6131288
22839371,Yard,Mallya,ymallyaps@clickbank.net,Male,12/08/2022,69,31/05/2023,(176) 5078268
73470855,Ranee,Rivalant,rrivalant1j@usatoday.com,Non-binary,03/06/2023,70,03/09/2023,(526) 5278225
39854403,Olly,Broomfield,obroomfield4c@aol.com,Female,27/05/2023,70,03/06/2023,(576) 8274358
10639664,Ardys,Messier,amessierew@timesonline.co.uk,Female,28/11/2022,70,21/08/2023,(656) 7262085
84853580,Sophey,Papps,spappsmb@google.es,Female,05/10/2022,70,15/10/2023,(280) 4111676
20387498,Cy,Dahlgren,cdahlgrenbr@list-manage.com,Male,13/01/2023,71,19/07/2023,(441) 4047787
2446800,Gasper,Saladine,gsaladinee4@engadget.com,Male,17/05/2023,71,05/09/2023,(022) 7736588
5898829,Charmain,Atger,catgeric@soup.io,Female,02/06/2023,71,18/12/2023,(762) 7585528
61829094,Cori,O' Finan,cofinanj8@independent.co.uk,Female,10/02/2023,71,08/11/2023,(268) 3600611
96753383,Debbie,Godney,dgodney1u@usatoday.com,Female,26/07/2022,72,20/12/2023,(872) 4507546
36725858,Karlotta,Beller,kbellergt@fotki.com,Female,28/02/2023,72,24/11/2023,(368) 7725842
76606003,Zach,Raiston,zraiston66@is.gd,Male,31/05/2023,73,24/11/2023,(668) 6652211
65209857,Julianna,Breheny,jbreheny8l@tumblr.com,Female,30/08/2022,73,03/04/2023,(152) 3462770
19227317,Jed,Tomaello,jtomaelloee@gravatar.com,Male,23/11/2022,73,09/11/2023,(354) 0468866
42859841,Marven,Greenroyd,mgreenroyd47@google.com,Male,10/12/2022,74,28/11/2023,(647) 5885708
4745622,Rachelle,Barhims,rbarhims88@facebook.com,Female,20/02/2023,74,27/03/2023,(133) 7002135
45332060,Davin,Atthowe,datthowe9y@omniture.com,Male,25/03/2023,74,27/06/2023,(522) 0143827
3325016,Angie,Birnie,abirniedu@opensource.org,Female,23/05/2023,74,19/07/2023,(562) 5482070
71232392,Jessie,Marmion,jmarmionir@samsung.com,Female,18/07/2022,74,15/10/2022,(416) 5012324
10608777,Loralie,Cubbinelli,lcubbinelli34@indiatimes.com,Female,10/10/2022,75,02/07/2023,(078) 3580376
96964186,Candida,Chattey,cchatteyo0@digg.com,Female,03/06/2023,75,25/10/2023,(271) 7272157
39222829,Florida,Ribbens,fribbens9t@rediff.com,Female,26/03/2023,76,16/11/2023,(743) 5265105
35948122,Harcourt,Cutchie,hcutchiedy@berkeley.edu,Male,18/11/2022,76,29/05/2023,(836) 6025440
50334804,Ingelbert,Tenwick,itenwickm1@sitemeter.com,Male,22/10/2022,76,25/11/2022,(261) 2884735
62232617,Vere,Martinetto,vmartinettomz@storify.com,Female,21/01/2023,76,27/07/2023,(627) 5138200
3781917,Shalna,Burgwyn,sburgwyn6b@constantcontact.com,Female,06/03/2023,77,06/05/2023,(565) 5252756
35847123,Rikki,Wallbridge,rwallbridgen3@bing.com,Female,01/03/2023,77,16/04/2023,(441) 4542136
66724498,Gunther,Raitt,graittpd@plala.or.jp,Male,03/03/2023,77,28/04/2023,(823) 1340304
2938056,Ketti,Sellan,ksellan8b@princeton.edu,Female,24/06/2022,78,28/09/2022,(004) 2105108
90459581,Ellary,Fer,efered@joomla.org,Genderfluid,15/12/2022,78,13/06/2023,(563) 2244004
44244824,Noam,Flipek,nflipekcr@exblog.jp,Male,28/06/2022,79,06/07/2022,(188) 8501177
72024775,Waylan,Bellhanger,wbellhangerd5@cbc.ca,Male,15/04/2023,79,29/05/2023,(564) 7167660
56399620,Almire,Higgonet,ahiggonetmk@xinhuanet.com,Female,29/04/2023,79,09/08/2023,(601) 6105617
73388246,Sharla,Fisher,sfisherr2@ebay.com,Female,20/06/2022,79,21/05/2023,(623) 5788702
89759109,Emmaline,Sharrier,esharrierb1@imdb.com,Female,01/04/2023,80,02/12/2023,(778) 1205257
62250137,Rani,Nannini,rnannini3x@indiatimes.com,Female,04/08/2022,81,19/08/2023,(632) 5336813
89369945,Patrica,Inseal,pinseal57@livejournal.com,Female,24/11/2022,81,29/09/2023,(207) 0865628
91464574,Heywood,Lafayette,hlafayette94@japanpost.jp,Male,14/07/2022,81,16/03/2023,(850) 7153766
23897128,Burnaby,Almon,balmoneh@1und1.de,Male,23/01/2023,81,03/07/2023,(206) 4651571
37257449,Reinhard,Verdon,rverdongb@stanford.edu,Male,06/01/2023,81,03/09/2023,(627) 8241058
92493405,Emery,MacFall,emacfallgj@accuweather.com,Genderqueer,10/06/2022,81,14/12/2023,(770) 8807160
52585361,Nollie,Foale,nfoaleos@independent.co.uk,Female,24/01/2023,81,23/03/2023,(483) 6477582
27525349,Haze,Gaskin,hgaskin16@gmpg.org,Male,14/07/2022,82,19/11/2022,(853) 6020782
68047075,Beau,Davydochkin,bdavydochkinoh@yellowbook.com,Male,05/04/2023,82,23/08/2023,(165) 1377278
80688620,Margaretta,Ferrettino,mferrettino1k@zdnet.com,Female,06/07/2022,83,25/06/2023,(155) 2384746
34912804,Rosy,Clayborn,rclayborncv@narod.ru,Female,14/01/2023,83,09/12/2023,(073) 3756653
33807531,Cathyleen,Beange,cbeangee7@ihg.com,Female,21/04/2023,83,07/07/2023,(660) 3406256
24506463,Inga,Coronado,icoronadom7@amazon.co.jp,Female,18/11/2022,83,23/02/2023,(162) 0770735
29779771,Nevile,Swaden,nswadend0@simplemachines.org,Male,09/03/2023,84,23/03/2023,(541) 8234307
25231917,Skell,Grodden,sgrodden9d@ucsd.edu,Male,14/11/2022,85,24/07/2023,(168) 4466775
77278418,Zola,Caig,zcaiga5@ow.ly,Agender,28/09/2022,85,02/11/2023,(735) 7658206
8399703,Trudy,Bahls,tbahlsd4@epa.gov,Female,13/10/2022,85,15/05/2023,(787) 6570177
184505,Edd,Sanpher,esanpherr5@psu.edu,Male,19/01/2023,85,14/05/2023,(451) 3717405
83494706,Nappy,Grafham,ngrafham4v@youku.com,Male,20/08/2022,86,26/12/2023,(636) 6118167
80034225,Bernadina,Wallwood,bwallwoodc@yandex.ru,Polygender,30/01/2023,87,12/05/2023,(004) 6488787
68151972,Sibeal,Dunkinson,sdunkinson6w@goodreads.com,Agender,02/07/2022,87,12/10/2023,(625) 2100736
85695085,Odelinda,Damrell,odamrell75@gizmodo.com,Female,14/05/2023,87,22/11/2023,(017) 6576434
74175866,Virgie,Rippin,vrippin99@360.cn,Male,14/04/2023,87,28/09/2023,(763) 5060027
63622281,Gleda,Canero,gcanero9h@timesonline.co.uk,Female,12/11/2022,87,02/12/2022,(385) 0464577
65453077,Addi,McClune,amccluneb7@state.gov,Female,25/02/2023,87,09/08/2023,(487) 7587680
3755955,Celestyn,Vearnals,cvearnalsj4@usda.gov,Non-binary,23/06/2022,87,25/04/2023,(637) 5350558
39736202,Amalea,Housecraft,ahousecrafto8@ibm.com,Female,22/12/2022,87,01/10/2023,(384) 3040445
50920398,Gradey,Guenther,gguenther23@berkeley.edu,Male,14/09/2022,88,06/08/2023,(657) 0836841
13916731,Claribel,Kenward,ckenward6p@mtv.com,Female,19/09/2022,88,04/09/2023,(771) 2631104
54192956,Ariela,Ygoe,aygoef7@sun.com,Female,19/11/2022,88,02/11/2023,(774) 8264860
66247035,Boothe,Wrangle,bwrangle6@t-online.de,Male,25/04/2023,89,12/10/2023,(133) 0006258
98141778,Reg,Shotter,rshottery@prlog.org,Male,19/06/2022,89,20/04/2023,(185) 3351567
56149708,Rudolph,Barter,rbarter2v@about.me,Male,01/04/2023,89,03/04/2023,(416) 2568226
84206133,Ardella,Rosin,arosinjv@hp.com,Female,05/04/2023,89,04/07/2023,(826) 0082000
40007367,Hollis,Kellington,hkellingtonrj@hao123.com,Male,23/08/2022,89,11/04/2023,(533) 2738616
90319235,Suzanna,Odams,sodams4j@blogtalkradio.com,Female,15/03/2023,90,17/06/2023,(644) 4757303
15210038,Ewart,Francino,efrancino5k@mashable.com,Male,26/06/2022,90,07/12/2022,(742) 3482744
99379766,Charlton,Danford,cdanfordg1@taobao.com,Male,28/08/2022,90,20/12/2023,(245) 1180188
31525310,Dena,Holliar,dholliarhu@hatena.ne.jp,Genderfluid,23/12/2022,90,08/02/2023,(658) 5434832
77051987,Sammy,Mackrill,smackrilliw@go.com,Male,05/07/2022,90,15/02/2023,(020) 4100032
75189287,Kristy,Camelin,kcamelinlp@unesco.org,Female,23/01/2023,90,11/02/2023,(082) 5057408
9960275,Oralia,Filtness,ofiltnessok@marketwatch.com,Female,10/07/2022,90,04/08/2023,(015) 6387318
43945904,Siobhan,Creebo,screebo6a@seattletimes.com,Female,15/02/2023,91,28/05/2023,(515) 5572205
59752518,Shayne,Bramhall,sbramhallid@techcrunch.com,Female,25/02/2023,91,01/09/2023,(745) 5373037
67161309,Skipp,Carus,scarus8o@vkontakte.ru,Male,12/02/2023,93,11/03/2023,(266) 1307656
52326289,Niels,Pero,nperobz@parallels.com,Male,10/07/2022,93,30/06/2023,(335) 5076236
86167439,Cacilie,Rantoul,crantoulc2@wikipedia.org,Agender,14/04/2023,93,31/08/2023,(305) 6856875
64053174,Laurence,Poley,lpoleyob@google.co.jp,Male,18/08/2022,93,05/03/2023,(483) 1105113
36885501,Courtnay,Rosendorf,crosendorfao@dedecms.com,Male,28/06/2022,94,01/01/2023,(023) 4731308
10999085,Erena,Di Franceshci,edifranceshciop@whitehouse.gov,Female,29/08/2022,94,18/03/2023,(713) 4806667
74712799,Emanuel,Braizier,ebraiziero@cbslocal.com,Male,11/07/2022,95,26/12/2022,(060) 8625048
94705889,Felecia,Fryd,ffryd2j@icq.com,Genderqueer,25/02/2023,95,20/12/2023,(281) 4107410
88894853,Estelle,Hounsome,ehounsome63@ca.gov,Female,11/02/2023,95,17/06/2023,(167) 3115848
31110309,Holly,Turneux,hturneuxqk@miitbeian.gov.cn,Male,14/11/2022,95,04/10/2023,(071) 8523076
78598661,Carmelle,Lerohan,clerohanra@mashable.com,Female,05/06/2023,95,03/07/2023,(344) 0126606
42963118,Stirling,Vashchenko,svashchenkow@wiley.com,Male,09/12/2022,96,22/12/2022,(068) 7272606
27284308,Antonietta,Kidgell,akidgellcy@gravatar.com,Female,02/04/2023,96,30/07/2023,(065) 4586751
99305517,Becka,MacDougal,bmacdougalkx@theatlantic.com,Female,07/07/2022,96,10/10/2022,(850) 8243823
10300330,Costa,Temple,ctemplen0@archive.org,Male,15/12/2022,96,04/02/2023,(673) 4635626
28334453,Binnie,Anstiss,banstiss26@reverbnation.com,Female,01/10/2022,97,29/10/2022,(135) 2044182
40807747,Killian,Deport,kdeporta7@disqus.com,Non-binary,07/08/2022,97,07/02/2023,(078) 3147331
29641569,Alameda,Abramson,aabramson2d@example.com,Female,30/06/2022,98,14/10/2022,(463) 7367243
24628174,Meredith,Moggie,mmoggie30@blogspot.com,Female,10/08/2022,98,25/11/2022,(043) 8811013
65846242,Cory,Elmes,celmes3r@house.gov,Female,25/08/2022,98,13/05/2023,(608) 0863122
77911938,Hillyer,Behagg,hbehagg83@google.com,Male,26/03/2023,98,28/10/2023,(878) 4020501
98170316,Leslie,Herreros,lherrerosad@ucla.edu,Female,11/02/2023,98,14/05/2023,(144) 5266821
26539351,Ardelis,Thorwarth,athorwarth1x@desdev.cn,Female,05/09/2022,99,13/11/2022,(837) 2618888
11744914,Chickie,Cornforth,ccornfortha6@stanford.edu,Male,25/05/2023,99,10/07/2023,(885) 8462650
20870557,Tomkin,St. Leger,tstlegerbx@alexa.com,Male,11/10/2022,99,26/12/2023,(242) 8064241
26037000,Lindi,Ickovici,lickovicinw@cafepress.com,Female,22/06/2022,99,10/11/2023,(761) 4728617
41239440,Tab,Emmot,temmotp@pcworld.com,Male,21/01/2023,100,05/06/2023,(617) 5481386
5043254,Moshe,Janecek,mjanecek27@instagram.com,Male,29/01/2023,100,17/09/2023,(603) 2307225
22297706,Armando,Acomb,aacomb9e@google.cn,Non-binary,31/05/2023,100,05/10/2023,(457) 4771568
75648092,Allyn,Francillo,afrancillohp@walmart.com,Female,07/03/2023,100,01/12/2023,(825) 6160472
15931019,Zorine,Sooper,zsooperp5@oracle.com,Female,06/01/2023,100,24/03/2023,(855) 4613452
14587154,Beau,Powrie,bpowrie9j@google.it,Male,01/07/2022,101,17/11/2023,(167) 0436180
55294219,Eloisa,Gawne,egawnebh@spotify.com,Female,04/06/2023,101,08/09/2023,(253) 3674304
28079590,Staffard,Barnsdale,sbarnsdaled6@smh.com.au,Male,26/02/2023,101,02/05/2023,(054) 4501452
60382252,Viki,Iscowitz,viscowitzk4@mapquest.com,Female,27/03/2023,101,27/05/2023,(881) 5638382
80454336,Enrika,Scanes,escanes4h@surveymonkey.com,Female,11/11/2022,102,16/04/2023,(554) 8176686
29662394,Margy,Bachman,mbachmanev@house.gov,Female,09/07/2022,102,09/12/2022,(164) 6413213
83901420,Dominic,Rudall,drudallhn@nytimes.com,Male,17/04/2023,102,23/04/2023,(674) 5345646
29550399,Arnuad,Rustan,arustani7@timesonline.co.uk,Genderfluid,19/01/2023,102,02/02/2023,(650) 0417777
4999644,Carlynne,Rizzini,crizzinin9@wsj.com,Female,01/03/2023,102,08/04/2023,(633) 5828574
12983954,Goldie,Faye,gfayeff@devhub.com,Genderfluid,15/09/2022,103,28/02/2023,(217) 8730152
38252418,Ferdinanda,Von Der Empten,fvonderemptenpy@ca.gov,Female,19/11/2022,103,25/10/2023,(483) 1266763
32787583,Lea,Aldrin,laldrin2u@tinyurl.com,Female,03/08/2022,104,15/11/2022,(467) 7766348
43139391,Shellysheldon,Smeuin,ssmeuinex@booking.com,Male,17/11/2022,104,04/10/2023,(744) 0686773
64852508,Sully,Bescoby,sbescobyn4@latimes.com,Male,13/07/2022,104,10/12/2022,(748) 8034358
82998923,Bastien,Mees,bmees22@unc.edu,Male,03/11/2022,105,04/12/2022,(734) 2862610
5540197,Estell,Haquin,ehaquin5l@umich.edu,Female,10/08/2022,105,24/10/2022,(711) 5516307
4445532,Elwood,Morcombe,emorcombehr@tamu.edu,Male,30/07/2022,105,04/03/2023,(585) 8823528
65136244,Prentice,Dellow,pdellowl0@netscape.com,Male,22/10/2022,105,17/11/2023,(756) 8473481
80500738,Amanda,Davydochkin,adavydochkinez@unblog.fr,Female,24/11/2022,106,26/02/2023,(424) 3212188
3426066,Josias,Scamaden,jscamadenjw@phpbb.com,Non-binary,10/08/2022,106,20/03/2023,(207) 8448841
96416373,Wenonah,Gasquoine,wgasquoineks@foxnews.com,Female,11/08/2022,106,14/11/2022,(065) 2808615
36616735,Wallache,Jentzsch,wjentzschoy@bing.com,Male,21/08/2022,106,10/10/2022,(302) 1402060
88602651,Taylor,MacGillacolm,tmacgillacolmbw@topsy.com,Male,23/09/2022,107,15/05/2023,(534) 1556286
65947064,Kaiser,Bardnam,kbardnamo1@unblog.fr,Male,14/05/2023,107,12/06/2023,(773) 2086578
63997554,Giulio,Garrals,ggarrals1c@yellowbook.com,Male,08/05/2023,108,08/05/2023,(445) 7882226
50313135,Violette,McCrachen,vmccrachen5h@webnode.com,Female,04/09/2022,108,07/09/2023,(716) 7172026
86576039,Ibbie,Pallas,ipallasd9@mapquest.com,Female,23/10/2022,108,02/04/2023,(831) 0415507
68953388,Reine,Brownlee,rbrownleeg9@twitter.com,Female,21/09/2022,108,07/12/2022,(841) 5854356
99318662,Tracee,Heck,theckji@ucoz.ru,Female,10/05/2023,108,09/12/2023,(147) 8367644
55641312,Lian,Mathieson,lmathieson2s@auda.org.au,Female,20/06/2022,109,17/01/2023,(154) 2300801
999069,Zarah,Battelle,zbattellecf@narod.ru,Female,29/01/2023,109,15/06/2023,(553) 0581862
8620961,Cly,Chasson,cchassonqm@i2i.jp,Male,06/09/2022,109,05/08/2023,(122) 5232083
93575246,Kipper,Mico,kmicor1@chicagotribune.com,Male,06/12/2022,109,17/11/2023,(355) 1150832
23265184,Hannah,Colclough,hcolclough67@auda.org.au,Polygender,26/07/2022,110,18/01/2023,(532) 2444810
64508246,Nobie,Trayton,ntraytoney@webs.com,Male,31/10/2022,110,03/12/2023,(257) 7418134
91137638,Hestia,Yegorkov,hyegorkovfu@youtu.be,Female,25/01/2023,110,06/03/2023,(250) 6431543
5656012,Shaw,Gerty,sgertyqq@utexas.edu,Male,07/02/2023,110,27/07/2023,(833) 6238282
96557625,Meta,Boyen,mboyenr0@fotki.com,Female,19/08/2022,110,30/10/2022,(146) 7076867
36090327,Trula,Lindsey,tlindseyb@businesswire.com,Female,02/02/2023,111,01/03/2023,(645) 7401243
61932592,Lombard,Pulhoster,lpulhoster6f@yelp.com,Male,19/01/2023,111,17/08/2023,(137) 6264702
59847138,Mal,Helliker,mhelliker8j@oakley.com,Male,18/04/2023,111,14/10/2023,(551) 2858677
83463176,Bastien,Banbrick,bbanbrick9i@blogtalkradio.com,Male,11/10/2022,111,22/12/2022,(285) 2587445
15740962,Walker,Ranyard,wranyard9v@intel.com,Male,28/08/2022,111,20/06/2023,(644) 1317474
17844405,Holly-anne,Hutable,hhutableai@zimbio.com,Female,17/12/2022,111,10/11/2023,(822) 1733566
12874083,Carlin,Childs,cchildsgu@vistaprint.com,Male,01/06/2023,112,13/09/2023,(428) 4240220
61882745,Kerry,Costall,kcostalljt@techcrunch.com,Female,15/06/2022,112,16/10/2022,(656) 4524802
90097193,Rebbecca,Lingard,rlingardn8@chronoengine.com,Female,20/07/2022,112,29/01/2023,(150) 8753674
37643673,Regen,Plowman,rplowmanow@huffingtonpost.com,Male,08/05/2023,112,11/08/2023,(670) 6740213
2342322,Ogdon,Pulteneye,opulteneye8a@alexa.com,Male,01/09/2022,113,15/06/2023,(340) 0567648
59118959,Chanda,Norquay,cnorquaygl@over-blog.com,Female,21/04/2023,113,20/05/2023,(426) 7006321
88392035,Pascale,Brunesco,pbrunescogq@homestead.com,Male,15/06/2022,113,14/12/2022,(033) 4231348
33663242,Melony,Dollard,mdollardkb@miibeian.gov.cn,Female,03/03/2023,113,18/06/2023,(044) 5877714
53698813,Aurelie,Sexti,asextimj@paginegialle.it,Female,28/09/2022,113,24/11/2023,(424) 0037282
38942509,Barnett,Roath,broathpv@howstuffworks.com,Male,08/10/2022,113,23/06/2023,(530) 3412520
98061478,Robena,Haffner,rhaffner8k@paypal.com,Female,04/06/2023,114,06/07/2023,(657) 2020774
89939734,Mattias,Thying,mthyingfj@ucla.edu,Male,13/01/2023,114,07/07/2023,(812) 5388120
83432932,Emlen,Joy,ejoyl8@tmall.com,Male,25/03/2023,114,27/06/2023,(376) 7840368
65433254,Brina,Bondley,bbondleylk@soup.io,Female,09/12/2022,114,25/12/2023,(370) 7544041
97989571,Augustin,Carson,acarsonm8@ted.com,Male,04/07/2022,114,17/07/2022,(723) 8771517
27526355,Nola,Brugsma,nbrugsma4k@vk.com,Female,14/10/2022,115,07/01/2023,(265) 1811341
50543666,Dolorita,Dunan,ddunanbp@seesaa.net,Female,10/09/2022,115,23/09/2023,(882) 7007325
36920255,Tam,MacMearty,tmacmeartyls@netscape.com,Male,21/07/2022,115,21/10/2022,(435) 8223831
87685813,Skelly,Kearford,skearford8w@vk.com,Male,20/02/2023,116,26/03/2023,(008) 4036020
87519943,Christie,Rapkins,crapkinsca@umn.edu,Male,21/12/2022,116,20/01/2023,(371) 1171887
69684576,Reinwald,Gourley,rgourley7u@imdb.com,Male,06/09/2022,117,06/12/2023,(102) 0051204
38467491,Bartholomeus,Reisenstein,breisensteinb2@imageshack.us,Male,05/10/2022,117,18/02/2023,(537) 6461020
73816794,Michele,Gostage,mgostagedg@archive.org,Male,02/04/2023,117,04/12/2023,(685) 0548757
50088810,Dory,Slipper,dslipperjd@elegantthemes.com,Female,28/12/2022,117,29/11/2023,(336) 0516186
91557294,Tawnya,Flement,tflementpb@cnet.com,Female,19/07/2022,117,24/11/2022,(270) 3308835
39044026,Sorcha,MacAlpyne,smacalpyneqt@com.com,Female,18/05/2023,117,22/07/2023,(820) 7864432
73385503,Pepi,Order,porder36@cyberchimps.com,Female,16/02/2023,118,09/11/2023,(614) 6871176
22765629,Ricki,Gladdin,rgladdin43@intel.com,Genderfluid,13/06/2022,118,28/10/2023,(485) 1065222
1622429,Mellisent,Colborn,mcolbornbg@webnode.com,Female,19/11/2022,118,04/07/2023,(414) 1251126
49287519,Mariel,Heeron,mheeronu@1688.com,Female,01/02/2023,119,28/12/2023,(216) 2802801
51444462,Deana,Cuchey,dcuchey3m@spotify.com,Female,11/07/2022,119,03/05/2023,(261) 4573283
39140255,Abie,Predohl,apredohlc7@thetimes.co.uk,Male,29/11/2022,119,24/04/2023,(501) 1171481
69299319,Robbert,Rhyme,rrhymeju@reddit.com,Male,12/09/2022,119,25/09/2023,(434) 4182480
51675765,Sunny,Grossman,sgrossmanbe@furl.net,Female,16/06/2022,120,19/07/2022,(454) 2706427
35833512,Brigit,Cloake,bcloakemp@themeforest.net,Female,26/06/2022,120,11/07/2022,(033) 0775845
59013730,Lucho,Klimowski,lklimowskijo@slate.com,Male,07/06/2023,121,12/08/2023,(338) 5024245
72478359,Joan,Forsdike,jforsdike5c@edublogs.org,Female,15/10/2022,122,22/11/2022,(368) 7710636
50466065,Ricard,Nicholes,rnicholes7j@mayoclinic.com,Male,02/08/2022,122,17/06/2023,(311) 0566510
66710565,Helsa,McGillacoell,hmcgillacoellgn@yale.edu,Female,02/05/2023,123,31/08/2023,(324) 3855706
38694146,Theo,Altham,taltham5u@rambler.ru,Polygender,09/09/2022,124,23/10/2022,(235) 1243754
80453340,Diann,Aspital,daspital7t@dailymail.co.uk,Polygender,01/05/2023,124,20/07/2023,(418) 8085615
74576463,Kareem,Beetham,kbeethamc5@flickr.com,Male,16/03/2023,124,25/09/2023,(235) 4586861
79257871,Trixy,McGavin,tmcgavin24@harvard.edu,Genderfluid,11/02/2023,125,01/04/2023,(451) 8127800
37313384,Thain,Dalley,tdalley84@photobucket.com,Polygender,29/04/2023,125,16/11/2023,(883) 7255651
9263952,Dulcine,Camelli,dcamellig5@dell.com,Female,15/12/2022,125,11/09/2023,(077) 6805076
34764842,Margret,Brameld,mbrameldh2@drupal.org,Female,25/06/2022,125,25/06/2022,(565) 8416284
31316711,Krisha,Sisey,ksiseyhw@woothemes.com,Agender,31/01/2023,125,11/02/2023,(707) 7867368
19107417,Branden,MacCague,bmaccague4x@salon.com,Male,23/02/2023,126,15/12/2023,(281) 5684433
95010042,Edyth,Gumery,egumery9g@freewebs.com,Female,03/03/2023,126,27/07/2023,(362) 6766052
59622512,Alecia,Keunemann,akeunemannk7@accuweather.com,Female,30/08/2022,126,02/08/2023,(700) 3088333
42102704,Jasper,Snap,jsnapl4@livejournal.com,Male,01/07/2022,126,30/07/2022,(207) 8232004
31104641,Rudolf,Edmundson,redmundsonq9@usda.gov,Male,15/07/2022,126,02/10/2023,(538) 5222213
17689969,Birch,Freire,bfreireei@utexas.edu,Male,03/02/2023,127,29/07/2023,(087) 5507138
40728052,Harley,Brunesco,hbrunescogi@engadget.com,Male,23/02/2023,127,09/08/2023,(637) 8700315
25691935,Chad,Kernes,ckernes77@macromedia.com,Male,18/07/2022,128,02/05/2023,(037) 3682211
82655796,Orin,Etheredge,oetheredgen1@npr.org,Male,25/09/2022,128,26/11/2023,(274) 8445562
70991857,Gabbey,Grigaut,ggrigauti@163.com,Female,05/05/2023,129,25/10/2023,(475) 3357447
41779036,Terrell,Burges,tburges32@zdnet.com,Male,29/01/2023,129,20/12/2023,(833) 6132581
14987033,Eirena,Hryskiewicz,ehryskiewicz49@wufoo.com,Female,01/07/2022,129,14/11/2022,(357) 2232841
82070797,Hyman,Burdus,hburdusaa@answers.com,Male,07/08/2022,129,01/05/2023,(406) 8635144
93774610,Rosabelle,Kellitt,rkellittlc@google.co.uk,Female,19/08/2022,129,16/06/2023,(541) 0081126
22258617,Coralyn,Bargh,cbargh1y@furl.net,Female,06/05/2023,130,30/09/2023,(470) 8845062
75721532,Kean,London,klondon2f@globo.com,Male,31/07/2022,130,17/07/2023,(522) 5242207
70560079,Salomon,Grieveson,sgrieveson9s@cdc.gov,Male,25/11/2022,130,20/07/2023,(782) 4068561
81934607,Donnie,MacDowal,dmacdowalqb@tamu.edu,Male,01/06/2023,130,16/08/2023,(542) 6556877
7245992,Dorry,Lakenton,dlakentonim@mozilla.com,Female,20/05/2023,131,16/09/2023,(747) 1576703
17031671,Irwin,Jopling,ijoplingd2@gravatar.com,Male,07/09/2022,132,03/07/2023,(201) 1332718
4984358,Zoe,Selwyne,zselwynep3@seesaa.net,Female,14/06/2022,132,12/10/2022,(861) 5500062
19171508,Ashlan,Dunkinson,adunkinsonpt@mit.edu,Female,14/08/2022,132,16/07/2023,(636) 6662225
21035131,Talbot,Roofe,troofe9x@cornell.edu,Male,21/07/2022,133,26/10/2022,(811) 5513252
11587741,Reg,Bankes,rbankeshx@time.com,Male,30/12/2022,133,23/07/2023,(053) 6728026
30691436,Eduino,Smither,esmitherjj@sfgate.com,Male,01/03/2023,133,26/12/2023,(810) 1526385
52788142,Tedi,Pantecost,tpantecosto4@chron.com,Female,30/01/2023,133,14/12/2023,(216) 3545260
51302459,Edwin,Hurlin,ehurlin3k@army.mil,Male,06/11/2022,134,29/03/2023,(426) 4444524
68716130,Burgess,Lowthian,blowthianci@alibaba.com,Male,17/02/2023,134,18/11/2023,(082) 3324375
52797707,Daisey,Netting,dnettingel@mozilla.com,Female,24/04/2023,134,09/12/2023,(873) 6217880
87847053,Jackquelin,Kinnie,jkinnieaw@dyndns.org,Genderfluid,02/02/2023,135,29/09/2023,(507) 2878385
69943082,Shea,Fairfoot,sfairfootdi@unblog.fr,Male,22/05/2023,135,08/10/2023,(622) 2511508
61300903,Alick,McNeice,amcneicelh@plala.or.jp,Male,15/02/2023,135,23/07/2023,(284) 2330560
26808602,Jacinda,McEwen,jmcewen9k@gnu.org,Female,11/11/2022,136,18/01/2023,(144) 8787313
47155908,Cathryn,Bennedsen,cbennedsenb0@uol.com.br,Female,04/09/2022,136,27/01/2023,(671) 6700742
19668097,Ely,Hulburt,ehulburtl1@amazonaws.com,Male,29/01/2023,136,22/10/2023,(406) 3262261
89621113,Mike,Glasspoole,mglasspoole8h@arizona.edu,Male,02/01/2023,137,31/08/2023,(013) 3673230
78596712,Rowland,Loach,rloachnx@jalbum.net,Male,22/01/2023,137,07/10/2023,(556) 0007740
85832621,Charley,Lark,clark3y@ca.gov,Male,03/02/2023,138,17/04/2023,(854) 4177871
68552799,Carmel,Slane,cslane40@wordpress.org,Female,16/12/2022,138,01/02/2023,(543) 7546204
2705880,Syd,Vedntyev,svedntyevdm@lycos.com,Male,27/11/2022,138,14/12/2023,(784) 0301477
8894711,Bonita,Condell,bcondellfc@dion.ne.jp,Female,26/12/2022,138,19/05/2023,(616) 4234805
30264211,Alejandro,Whittingham,awhittingham1v@shutterfly.com,Male,12/04/2023,139,15/04/2023,(033) 6876655
93489784,Lenee,Bloan,lbloan2n@woothemes.com,Female,08/07/2022,139,16/02/2023,(272) 6351641
57070551,Mario,Demageard,mdemageard76@cdbaby.com,Male,09/08/2022,139,08/09/2022,(188) 5773733
81972372,Jaine,Juara,jjuaraaz@mayoclinic.com,Female,24/08/2022,139,13/10/2022,(323) 2470674
94017456,Vicky,Paxforde,vpaxfordedd@hatena.ne.jp,Female,16/03/2023,139,04/09/2023,(102) 4777827
45917473,Pebrook,MacElroy,pmacelroyif@cnet.com,Male,24/03/2023,139,11/06/2023,(346) 2711147
22952505,Cherlyn,Gawkes,cgawkes6h@list-manage.com,Female,30/06/2022,141,13/01/2023,(033) 8151867
13852499,Janaye,Nickolls,jnickollsa1@blogger.com,Female,13/07/2022,141,23/08/2022,(508) 7861230
28237806,Kaleena,Blinerman,kblinerman4o@hibu.com,Female,23/03/2023,142,05/05/2023,(367) 4514337
27721490,Cary,Dog,cdogcs@xrea.com,Female,19/01/2023,142,16/08/2023,(027) 2180205
23029107,Ellswerth,Berthel,eberthelkq@hao123.com,Male,22/08/2022,142,21/11/2022,(861) 4554842
89759442,Shana,Pitfield,spitfield3e@bbb.org,Female,17/08/2022,143,07/06/2023,(762) 2221743
96832392,Steffi,Symcoxe,ssymcoxebt@un.org,Female,25/08/2022,143,16/06/2023,(032) 2638665
6885377,Salomo,Powton,spowtonrq@chicagotribune.com,Male,24/10/2022,143,08/11/2023,(712) 4010663
33380075,Stace,Grevile,sgrevile8z@hubpages.com,Female,24/05/2023,144,29/07/2023,(282) 2054410
74783743,Griffy,Sutter,gsutteran@answers.com,Male,25/04/2023,144,03/09/2023,(707) 1371146
77628870,Dannie,Pichan,dpichanpa@delicious.com,Female,05/10/2022,144,08/10/2023,(336) 3083813
21097129,Phyllys,Harry,pharry2z@com.com,Female,09/05/2023,145,26/12/2023,(743) 7420377
62985682,Silvain,MacDunleavy,smacdunleavy6x@xrea.com,Male,22/11/2022,145,22/02/2023,(862) 0612221
50293121,Cly,Caurah,ccaurah92@jigsy.com,Male,16/06/2022,145,22/03/2023,(384) 6888007
95894265,Gerard,Coplestone,gcoplestonedh@liveinternet.ru,Male,19/01/2023,145,20/10/2023,(324) 3142253
58105442,Weston,Piniur,wpiniurig@mediafire.com,Male,21/10/2022,145,27/08/2023,(063) 3153617
35009588,Bernardina,Bagnal,bbagnalj0@sciencedirect.com,Female,25/12/2022,145,16/12/2023,(182) 4818200
5913323,Helaine,Brehat,hbrehatj@phoca.cz,Female,12/11/2022,146,28/08/2023,(547) 7206455
74971175,Anatole,Deason,adeason2k@weebly.com,Male,28/01/2023,146,15/10/2023,(018) 6161313
61834998,Crissie,Dollman,cdollmanrr@squarespace.com,Female,27/03/2023,146,26/05/2023,(465) 3862744
23433981,Gilberta,Husk,ghusk1g@nps.gov,Female,24/07/2022,147,15/08/2022,(752) 6642272
244124,Clint,Broddle,cbroddle2x@amazon.de,Male,19/05/2023,147,11/09/2023,(778) 2887886
20188440,Niel,Pucker,npucker3c@shutterfly.com,Male,30/06/2022,147,27/09/2022,(583) 5578756
91252154,Odell,Kilgour,okilgourch@uiuc.edu,Male,07/01/2023,147,16/09/2023,(655) 7042044
79719916,Adolph,Lytle,alytleix@stumbleupon.com,Male,11/09/2022,147,24/11/2023,(505) 0838413
75824643,Aindrea,Valens-Smith,avalenssmithkl@bloglines.com,Female,21/01/2023,147,16/09/2023,(743) 3613406
32064892,Celinda,Harp,charp9z@marketwatch.com,Female,28/05/2023,148,08/10/2023,(476) 0747466
68821704,Laurene,Terren,lterrenpp@hp.com,Female,31/07/2022,148,29/03/2023,(171) 6666813
33274798,Bank,Handrock,bhandrock2t@a8.net,Male,17/03/2023,149,21/04/2023,(742) 6806086
41134362,Sandie,Vidineev,svidineeve5@a8.net,Female,06/09/2022,149,30/11/2022,(015) 0060137
95194822,Tod,Escala,tescalaqu@addtoany.com,Male,28/12/2022,149,15/05/2023,(126) 4048581
876866,Cindee,Mycock,cmycockq@jalbum.net,Female,29/10/2022,150,27/10/2023,(103) 2158635
79965309,Ty,Llywarch,tllywarchat@shareasale.com,Male,16/01/2023,150,19/04/2023,(635) 4303408
15118031,Caddric,Hurdedge,churdedgehl@trellian.com,Male,15/05/2023,150,17/05/2023,(024) 1332010
96417274,Colet,Smoth,csmothho@gnu.org,Male,31/01/2023,151,16/11/2023,(710) 1164826
73604854,Shaylynn,Blincowe,sblincoweh@berkeley.edu,Female,21/07/2022,152,11/05/2023,(127) 8464733
27021697,Gunar,Hannond,ghannond4q@de.vu,Male,26/11/2022,152,24/06/2023,(107) 0786030
62962486,Franciskus,Moorfield,fmoorfield5d@ehow.com,Male,18/08/2022,152,22/08/2022,(532) 1500751
74446328,Jean,Steabler,jsteablerhy@bluehost.com,Bigender,25/05/2023,153,10/08/2023,(013) 8611543
23408325,Merna,Smillie,msmilliejf@yolasite.com,Female,09/09/2022,153,20/06/2023,(061) 7880815
52489732,Malinde,Cossam,mcossamqe@eepurl.com,Female,04/11/2022,153,24/05/2023,(024) 1210823
24093902,Morris,Beament,mbeamentd@topsy.com,Male,02/02/2023,154,03/05/2023,(131) 0810336
12545010,Mill,McElrea,mmcelrea14@spotify.com,Male,10/12/2022,154,02/01/2023,(228) 3253242
20791628,Tucker,Cannings,tcanningsbv@gnu.org,Male,21/06/2022,155,18/12/2023,(038) 3354266
85204492,Casey,Fromont,cfromontda@fastcompany.com,Female,16/12/2022,155,12/04/2023,(052) 6473224
11952119,Opal,Zmitrichenko,ozmitrichenkodn@rakuten.co.jp,Female,13/04/2023,155,03/06/2023,(568) 7600135
9322760,Freedman,Lowrance,flowrancefh@springer.com,Male,29/09/2022,155,01/03/2023,(118) 4526415
42057848,Harbert,O'Nowlan,honowlanga@printfriendly.com,Male,08/04/2023,155,21/06/2023,(011) 7773618
83659346,Bevon,Henningham,bhenninghamn6@biblegateway.com,Male,24/09/2022,155,31/01/2023,(370) 6815582
498299,Millisent,Tupper,mtupperg7@oaic.gov.au,Female,15/09/2022,156,09/11/2022,(631) 1051870
1373150,Myranda,Madders,mmaddersjc@ox.ac.uk,Genderqueer,24/05/2023,157,06/08/2023,(763) 4254005
95973222,Ethelbert,Beausang,ebeausangpn@comsenz.com,Non-binary,05/12/2022,157,28/03/2023,(114) 1125802
24918498,Jude,Cadwallader,jcadwallader5e@networkadvertising.org,Male,14/12/2022,158,16/06/2023,(784) 7703723
42268481,Gracia,Truter,gtruter7q@chicagotribune.com,Female,14/09/2022,158,19/09/2023,(008) 8882623
61140220,Elsie,Farlow,efarlowcl@earthlink.net,Female,04/08/2022,158,19/04/2023,(756) 1527023
85766533,Jamill,Rustedge,jrustedgecn@goo.gl,Male,08/05/2023,158,26/07/2023,(806) 8155341
24450685,Marabel,Cottle,mcottlede@illinois.edu,Female,20/05/2023,158,26/08/2023,(007) 7847566
16036362,Jandy,Ranklin,jranklinax@dot.gov,Female,04/08/2022,159,05/06/2023,(355) 8773500
74587767,Milka,Fidelli,mfidellic6@technorati.com,Female,16/09/2022,159,26/09/2022,(782) 7733727
62336721,Merola,Quirk,mquirkdw@spiegel.de,Female,05/03/2023,159,21/11/2023,(002) 7380155
11706881,Ax,Hugland,ahugland1p@cpanel.net,Male,08/06/2022,160,21/04/2023,(003) 1034333
12354626,Merola,Mathieu,mmathieu4w@mozilla.com,Female,18/07/2022,160,02/10/2023,(144) 5622687
76841381,Kermie,Tamburi,ktamburi8x@dion.ne.jp,Male,23/09/2022,160,23/01/2023,(628) 7035508
68953396,Barton,Baillie,bbaillief5@tuttocitta.it,Male,28/01/2023,160,22/07/2023,(850) 3562502
2089287,Bethany,Skryne,bskryneft@aol.com,Female,23/11/2022,160,04/11/2023,(404) 1153111
64756155,Kinna,Durie,kdurie1s@ed.gov,Female,13/06/2022,161,01/04/2023,(712) 2452021
99489519,Inez,Gritsaev,igritsaevav@time.com,Female,04/01/2023,161,19/06/2023,(645) 2858185
83705566,Salvidor,Kinkead,skinkeadbf@privacy.gov.au,Male,12/04/2023,161,17/11/2023,(633) 1005352
23746016,Salvador,Hollier,shollierf6@mashable.com,Male,11/11/2022,161,04/08/2023,(136) 5132615
14139765,Christine,Winspar,cwinsparl7@ehow.com,Female,05/04/2023,161,18/07/2023,(758) 7755287
36625790,Georgeta,Kennewell,gkennewellmv@ebay.com,Female,26/12/2022,162,08/07/2023,(037) 3301483
79296367,Mora,Lorentz,mlorentznq@virginia.edu,Female,07/05/2023,162,11/10/2023,(066) 1530817
89712026,Babb,de Merida,bdemeridafy@domainmarket.com,Female,14/03/2023,163,21/11/2023,(151) 4615117
10492179,Giorgi,Whitby,gwhitby3o@taobao.com,Male,24/08/2022,164,23/09/2023,(011) 7632811
54717429,Hermann,Gregori,hgregorigs@japanpost.jp,Male,03/06/2023,164,29/10/2023,(610) 4733576
55184394,Leeanne,Gullick,lgullicklj@booking.com,Female,13/02/2023,164,29/05/2023,(180) 1708220
11198108,Hube,Como,hcomomn@opensource.org,Male,25/09/2022,164,02/08/2023,(855) 5026881
47117021,Roanna,Suddell,rsuddell4u@examiner.com,Female,18/07/2022,165,23/02/2023,(060) 2646264
59998717,Earl,McCorkell,emccorkellp6@rediff.com,Male,29/05/2023,165,21/12/2023,(706) 8577508
92308305,Tailor,Capponer,tcapponerrf@baidu.com,Male,11/04/2023,165,29/08/2023,(723) 2740127
5891424,Elianore,Gorst,egorst3g@vinaora.com,Female,10/01/2023,166,01/09/2023,(508) 3658582
44215169,Scotti,Whitesel,swhitesel6m@a8.net,Male,13/05/2023,166,25/06/2023,(512) 4257344
74568907,Dorian,Alfonsetto,dalfonsetto7l@elegantthemes.com,Female,23/06/2022,166,27/10/2022,(503) 7157244
78496187,Dene,Mickleburgh,dmickleburgh5s@youku.com,Male,11/04/2023,168,30/05/2023,(463) 6856875
54076190,Craggy,Bennellick,cbennellicket@ted.com,Male,08/09/2022,168,19/07/2023,(026) 8822581
56033948,Meta,Slobom,mslobomqc@t.co,Female,27/05/2023,168,11/08/2023,(707) 4235840
87519960,Dosi,Perkins,dperkinsx@google.ca,Female,20/08/2022,169,17/12/2022,(525) 6075800
37255037,Welsh,Veart,wveart10@live.com,Male,06/09/2022,169,04/01/2023,(813) 8746232
79339752,Constantin,Grassett,cgrassett2w@acquirethisname.com,Male,19/06/2022,169,07/03/2023,(724) 2830003
24407166,Ricky,Kingdom,rkingdombs@studiopress.com,Female,17/12/2022,169,29/05/2023,(521) 6047372
56880986,Ulises,Kamienski,ukamienskijy@hc360.com,Male,04/11/2022,169,25/12/2023,(263) 2675667
64267034,Marian,Pascho,mpaschoq8@epa.gov,Female,21/02/2023,169,01/11/2023,(837) 2868081
56394965,Marwin,Zorro,mzorro74@wired.com,Male,12/02/2023,170,18/06/2023,(878) 7266852
42600574,Vito,Ondra,vondral@patch.com,Agender,18/11/2022,171,10/10/2023,(206) 3404775
96011988,Sidnee,Richie,srichie3u@usnews.com,Male,07/04/2023,171,01/11/2023,(103) 1001802
5050766,Benedicta,Vasyutochkin,bvasyutochkingk@umich.edu,Female,23/07/2022,171,15/05/2023,(745) 4564716
78030898,Merrile,Blaxlande,mblaxlandehm@theglobeandmail.com,Female,29/12/2022,171,19/04/2023,(432) 1708328
92880831,Blithe,Mapledoram,bmapledoramno@scientificamerican.com,Polygender,07/02/2023,171,12/06/2023,(503) 1261726
40598344,Nanete,Tineman,ntinemand3@123-reg.co.uk,Genderqueer,21/06/2022,172,14/08/2023,(151) 1356765
75373978,Annemarie,Challenor,achallenorck@xinhuanet.com,Female,22/08/2022,173,16/12/2023,(144) 7008776
33837084,Tawnya,Colloff,tcolloffgx@sina.com.cn,Female,05/05/2023,173,06/08/2023,(740) 0518144
59086154,Raddie,Doddridge,rdoddridgeka@nba.com,Male,29/06/2022,173,07/08/2022,(205) 2252333
7504221,Guss,Inworth,ginworth3w@hostgator.com,Male,10/11/2022,174,22/12/2022,(682) 0775123
84686737,Dixie,Engelbrecht,dengelbrecht85@hhs.gov,Female,30/12/2022,174,12/11/2023,(411) 5447528
55278612,Robbert,Trebble,rtrebbleaq@barnesandnoble.com,Male,16/11/2022,174,21/03/2023,(672) 1413323
78241286,Finlay,Hair,fhairfw@mtv.com,Male,04/05/2023,174,29/09/2023,(473) 2040064
74768047,Ernie,Firle,efirlejm@elegantthemes.com,Male,12/08/2022,174,17/11/2023,(665) 3847626
58010495,Benedicta,Ireland,birelandk3@reuters.com,Female,05/04/2023,174,19/04/2023,(032) 8863615
70030320,Davina,Fetterplace,dfetterplace89@latimes.com,Female,25/06/2022,175,30/12/2022,(215) 2281572
30315140,Evangelia,Maryska,emaryskafb@moonfruit.com,Female,27/06/2022,175,02/07/2023,(064) 5265037
71471756,Noland,Radmore,nradmorepq@goo.ne.jp,Male,29/08/2022,175,01/06/2023,(545) 6567147
93440452,Brandy,Elcocks,belcocksgc@house.gov,Male,28/04/2023,177,24/05/2023,(815) 0715152
10006278,Lesli,Rubberts,lrubbertsnl@dailymotion.com,Female,17/07/2022,177,11/04/2023,(284) 4360801
45902088,Broddy,Parkman,bparkmano7@umn.edu,Polygender,13/08/2022,177,27/11/2022,(230) 5212117
72636958,Karlan,Pillman,kpillman37@typepad.com,Male,26/05/2023,178,26/07/2023,(620) 7123500
17423307,Onida,Corneil,ocorneil4b@behance.net,Female,07/07/2022,178,07/08/2023,(507) 4125872
62584457,Reese,Castelletti,rcastelletti4d@hibu.com,Male,04/03/2023,178,09/10/2023,(435) 6588163
14102175,Melissa,McAlees,mmcaleesa0@cnn.com,Female,07/04/2023,178,05/08/2023,(126) 0687675
1766070,Araldo,Jonke,ajonkeal@digg.com,Male,29/11/2022,179,23/05/2023,(160) 4068568
8541702,Aleta,Kynsey,akynseyou@thetimes.co.uk,Female,25/07/2022,179,29/03/2023,(256) 5508760
19850651,Barton,Nerval,bnerval2a@phoca.cz,Male,11/09/2022,180,20/11/2022,(557) 7265355
84167294,Charmine,Stidston,cstidston8r@xing.com,Female,18/05/2023,180,06/08/2023,(303) 7744600
49135763,Robina,Gander,rgandere0@geocities.jp,Female,02/04/2023,180,02/12/2023,(851) 0807057
3350348,Charlotta,Teulier,cteulierem@salon.com,Female,13/03/2023,180,01/10/2023,(861) 6025178
46203183,Misha,Highway,mhighwayfl@friendfeed.com,Female,09/11/2022,180,11/05/2023,(634) 4730686
27253166,Peter,Dumbelton,pdumbeltongv@sciencedaily.com,Male,16/11/2022,180,01/08/2023,(382) 6414052
98306792,Falito,Olyfat,folyfat98@cnet.com,Male,18/12/2022,181,13/02/2023,(155) 3401745
43183605,Consolata,Bowfin,cbowfinku@soup.io,Female,19/02/2023,181,26/10/2023,(115) 8834500
97978486,Antonius,Braunle,abraunlero@nationalgeographic.com,Male,21/08/2022,181,03/01/2023,(257) 5163438
3687484,Adriana,Eagleston,aeagleston5m@csmonitor.com,Female,31/08/2022,182,24/03/2023,(133) 2605288
19123162,Gabriele,Nesbeth,gnesbeth6s@skype.com,Non-binary,28/09/2022,182,27/07/2023,(440) 4047672
75589706,Nikos,Whittick,nwhittickfr@slideshare.net,Male,09/05/2023,182,16/11/2023,(573) 6172783
98128187,Forest,Goodley,fgoodley28@webs.com,Male,23/06/2022,183,22/12/2023,(210) 4322182
52290429,Jaquenetta,Camellini,jcamellini8y@hexun.com,Female,29/01/2023,183,22/03/2023,(412) 1008767
11512658,Paco,Ubsdell,pubsdellr9@economist.com,Male,06/08/2022,183,05/11/2022,(561) 2630305
1073081,Robers,Lorait,rlorait42@cpanel.net,Male,14/05/2023,184,29/08/2023,(327) 8327237
28891253,Gus,Mariel,gmariel7y@rambler.ru,Male,14/01/2023,184,18/03/2023,(737) 4838217
27253485,Aryn,Chittleburgh,achittleburghm3@g.co,Female,06/06/2023,184,09/06/2023,(650) 0183036
24132580,Renate,Ostrich,rostrichp7@blogger.com,Female,12/06/2022,184,04/08/2023,(381) 8067338
24893814,Julissa,Creddon,jcreddon95@state.gov,Female,21/08/2022,185,06/12/2023,(024) 2767735
41538223,Audrey,Achromov,aachromov1r@networksolutions.com,Female,26/08/2022,186,19/10/2022,(550) 4422211
42917582,Raddy,Polendine,rpolendine6c@ca.gov,Male,08/11/2022,186,04/01/2023,(647) 7548544
52296011,Waiter,Layhe,wlayhe9p@dedecms.com,Male,22/04/2023,186,22/11/2023,(847) 1748155
91754949,Latia,Paddison,lpaddisone8@plala.or.jp,Female,01/02/2023,186,02/11/2023,(882) 5105142
17656573,Robin,Kertess,rkertesseq@nih.gov,Male,01/05/2023,187,12/12/2023,(575) 5455028
78702559,Fair,Dmitrichenko,fdmitrichenkok5@edublogs.org,Male,29/12/2022,187,19/07/2023,(104) 6256361
55899583,Rikki,Pudsey,rpudseynm@imgur.com,Female,08/05/2023,187,05/12/2023,(637) 5241758
92367402,Vevay,Samper,vsamperrb@livejournal.com,Female,23/06/2022,187,18/07/2022,(386) 8432416
9414945,Lucas,Kattenhorn,lkattenhornk@dagondesign.com,Male,31/05/2023,188,07/11/2023,(183) 6108160
62065899,Carolan,Worthing,cworthing2h@cargocollective.com,Female,18/08/2022,188,11/02/2023,(253) 4866035
31443104,Richmound,Kenrick,rkenrick6v@qq.com,Male,05/04/2023,188,11/07/2023,(084) 5136277
60164312,Rodi,Pawlowicz,rpawlowicz7h@yellowpages.com,Female,26/04/2023,188,29/10/2023,(053) 1570136
51055427,Skipper,Wedmore,swedmore9f@mail.ru,Male,23/01/2023,188,10/07/2023,(357) 4828228
67254402,Alida,MacFarlan,amacfarlan9m@multiply.com,Female,11/01/2023,188,20/10/2023,(264) 1708422
63752252,Cleve,Lockery,clockerydq@paypal.com,Male,21/09/2022,188,20/07/2023,(441) 7218535
7450513,Antonella,Scogings,ascogingsoi@macromedia.com,Non-binary,10/07/2022,188,15/11/2022,(370) 6563257
23946124,Marlyn,Sultana,msultana1h@nyu.edu,Female,10/07/2022,189,01/12/2022,(486) 6064246
91838138,Dorene,Banister,dbanisterg8@1688.com,Female,10/06/2022,189,13/04/2023,(654) 8377848
13971544,Grata,MacSporran,gmacsporranea@comsenz.com,Female,05/06/2023,190,06/06/2023,(682) 8823835
56520854,Kiley,Harry,kharrylg@godaddy.com,Female,03/10/2022,190,27/03/2023,(587) 0378305
41540154,Ferdinande,Abels,fabelsnn@shinystat.com,Female,29/12/2022,190,31/05/2023,(275) 1845228
16519297,Christoph,Lehmann,clehmannpr@symantec.com,Male,24/10/2022,190,15/08/2023,(311) 4516735
58394968,Masha,Washbrook,mwashbrook31@eventbrite.com,Female,10/06/2022,191,21/09/2022,(071) 8156582
47537155,Eleen,Bendel,ebendel71@slashdot.org,Female,22/12/2022,191,10/04/2023,(320) 1774232
15968107,Lexine,Giacobillo,lgiacobillo9c@lulu.com,Polygender,06/12/2022,191,04/12/2023,(062) 5816254
75678896,Dorey,Iddison,diddison1w@bbb.org,Female,15/05/2023,192,12/12/2023,(514) 2502513
95334125,Marcille,Steers,msteerseb@wsj.com,Female,01/02/2023,192,23/08/2023,(011) 3253151
8685660,Augusta,Walworche,awalworcher3@narod.ru,Female,14/09/2022,192,22/06/2023,(182) 8485130
70231308,Willetta,Lackie,wlackie41@miibeian.gov.cn,Female,01/07/2022,193,13/08/2022,(404) 0474522
49176797,Esdras,Swalwel,eswalwel55@ifeng.com,Male,08/08/2022,193,12/03/2023,(482) 2528087
70788356,Trixi,Gallie,tgallie56@icio.us,Female,17/04/2023,193,12/05/2023,(136) 7523647
11852812,Salli,Binner,sbinnerrg@naver.com,Female,30/03/2023,193,22/06/2023,(851) 0212273
14307057,Odelia,Gerholz,ogerholz19@seesaa.net,Female,12/01/2023,194,24/09/2023,(061) 8456024
93752541,Kimberlyn,Spender,kspenderb9@europa.eu,Female,19/10/2022,194,16/01/2023,(847) 1003588
93912616,Tamma,Leece,tleeceia@topsy.com,Female,05/12/2022,194,02/08/2023,(281) 1481680
34720533,Egor,Holton,eholtonke@theatlantic.com,Male,10/11/2022,195,13/04/2023,(545) 0675401
85989970,Sonya,Grealy,sgrealyna@reference.com,Female,23/08/2022,195,02/03/2023,(363) 3681481
62291833,Shannen,Saywood,ssaywoodkc@blogtalkradio.com,Female,19/09/2022,196,23/10/2023,(107) 5016166
34255769,Shepperd,Marney,smarneyoa@fotki.com,Male,20/04/2023,196,25/05/2023,(007) 5626360
19648794,Yankee,Sherrell,ysherrell1f@goodreads.com,Male,03/10/2022,197,15/10/2022,(658) 3038117
5428577,Corney,Sigg,csigg68@creativecommons.org,Male,05/06/2023,197,14/11/2023,(230) 0526518
7003621,Cristiano,Wallbrook,cwallbrook6z@e-recht24.de,Male,16/05/2023,197,23/07/2023,(612) 3825140
65970092,Orsa,Croson,ocrosoni2@i2i.jp,Polygender,31/08/2022,197,04/01/2023,(886) 5254771
98846482,Kelcie,Edney,kedney6r@amazon.de,Female,16/12/2022,198,03/06/2023,(256) 6704705
89797667,Amalee,Frostdick,afrostdick4n@alexa.com,Female,11/06/2022,199,09/01/2023,(767) 8727388
88685247,Darleen,Dawney,ddawney58@huffingtonpost.com,Polygender,16/06/2022,199,28/02/2023,(535) 6485683
82105707,Nollie,Gery,ngeryek@ustream.tv,Male,15/01/2023,199,20/12/2023,(237) 4656377
99899345,Ivy,Clitherow,iclitherowpj@liveinternet.ru,Female,20/05/2023,199,25/08/2023,(665) 6712740
5978149,Caitlin,Horlock,chorlock3q@forbes.com,Female,08/12/2022,200,27/01/2023,(721) 6477307
59416960,Robina,Vonasek,rvonasek62@loc.gov,Female,27/03/2023,200,11/10/2023,(308) 7363733
45779530,Reinaldo,Marc,rmarcbj@creativecommons.org,Male,28/10/2022,200,31/10/2023,(608) 3540152
80459898,Ryun,Costellow,rcostellowj2@hp.com,Non-binary,11/01/2023,200,20/03/2023,(015) 3234572
84959353,Alfons,Bambrugh,abambrughl2@51.la,Male,19/11/2022,200,10/12/2022,(718) 4517827
46815229,Leese,Bilfoot,lbilfootnu@cdbaby.com,Genderfluid,21/07/2022,200,03/07/2023,(173) 3180473
35578384,Son,Scoterbosh,sscoterboshod@mac.com,Male,13/04/2023,200,18/09/2023,(044) 5750177
51035993,Jeannie,Attwoul,jattwoul4f@upenn.edu,Genderfluid,20/11/2022,201,02/12/2023,(007) 2347315
55631401,Lanna,Godfrey,lgodfrey60@cdc.gov,Female,30/03/2023,201,12/04/2023,(546) 1476284
62233068,Riordan,Folder,rfoldermc@gizmodo.com,Male,12/07/2022,201,29/07/2022,(403) 7335611
95628536,Beth,Woodyear,bwoodyear5@noaa.gov,Female,20/05/2023,203,03/07/2023,(355) 0832362
90761232,Luelle,Flukes,lflukes1m@github.io,Female,11/12/2022,203,02/05/2023,(821) 4167532
82891218,Kial,Cristou,kcristou21@clickbank.net,Female,11/07/2022,203,27/10/2023,(452) 5337850
10909619,Wendell,Ferie,wferiepx@drupal.org,Male,24/02/2023,203,03/10/2023,(676) 2565286
34765368,Katharina,Franz-Schoninger,kfranzschoningerba@canalblog.com,Female,05/09/2022,204,29/12/2022,(748) 2220246
76058428,Morten,Pitrollo,mpitrollodt@craigslist.org,Male,17/02/2023,204,01/09/2023,(121) 4516438
4361157,Esra,Gascoyen,egascoyenqy@upenn.edu,Male,20/05/2023,204,05/10/2023,(388) 7364201
46502852,Aymer,Pullinger,apullingerr6@vimeo.com,Male,16/08/2022,204,23/08/2023,(577) 0373354
49481632,Ephrayim,Bithany,ebithanym2@msu.edu,Male,03/11/2022,205,30/01/2023,(584) 4572481
6172790,Timmy,Walkinshaw,twalkinshaw8q@cbc.ca,Male,04/11/2022,206,19/11/2022,(525) 0668270
12365756,Pamelina,Gregon,pgregon8t@nyu.edu,Female,23/11/2022,206,13/11/2023,(604) 3741786
58203200,Herc,Dryden,hdrydengo@wordpress.org,Male,02/04/2023,206,14/12/2023,(567) 0365352
92231226,Kelly,Arne,karnen5@bbc.co.uk,Female,13/11/2022,206,03/01/2023,(370) 7456473
81331450,Elijah,Doram,edoramo6@oracle.com,Male,19/10/2022,206,18/03/2023,(678) 4206435
70611948,Rod,Pashler,rpashlerom@nasa.gov,Male,30/09/2022,206,22/04/2023,(180) 5437062
45402988,Fania,Rountree,frountree4p@bloglines.com,Female,22/11/2022,207,07/07/2023,(720) 4713528
84240771,Sky,Skeat,sskeatac@berkeley.edu,Male,25/01/2023,207,15/03/2023,(744) 7581503
72433243,Brenn,Trematick,btrematickib@cam.ac.uk,Female,07/04/2023,207,20/09/2023,(427) 5504730
61516810,Wanda,Panyer,wpanyerqp@hugedomains.com,Female,27/04/2023,207,26/08/2023,(611) 0627870
31930212,Raina,Pendlebery,rpendlebery5r@vkontakte.ru,Female,06/09/2022,208,13/05/2023,(583) 1723551
13133549,Irvin,Matthias,imatthiasmd@latimes.com,Agender,19/07/2022,208,22/01/2023,(833) 6876115
51853143,Faydra,Goligher,fgoligherh4@utexas.edu,Bigender,22/05/2023,209,07/11/2023,(372) 3553452
40461680,Huntlee,Kitt,hkitthv@csmonitor.com,Polygender,08/03/2023,209,12/11/2023,(870) 1826788
983741,Tiphany,Maron,tmaronqg@goodreads.com,Female,04/12/2022,209,23/11/2023,(433) 6273671
37217929,Benn,Norvel,bnorvelbq@homestead.com,Male,19/08/2022,210,17/11/2022,(327) 5036548
3028193,Zachery,Joysey,zjoyseyor@fastcompany.com,Male,02/06/2023,210,28/09/2023,(517) 5402568
99040812,De,Egarr,degarrt@dedecms.com,Female,18/06/2022,211,26/09/2022,(725) 1527267
38755558,Raynard,Capell,rcapell7r@odnoklassniki.ru,Male,29/12/2022,211,08/12/2023,(640) 1620442
16718370,Robbie,Ballsdon,rballsdoncq@bing.com,Female,14/10/2022,211,04/12/2023,(142) 5180138
5500527,Darrel,Dillicate,ddillicatein@businesswire.com,Genderqueer,18/02/2023,212,15/08/2023,(506) 0838345
70259069,Mendy,Jozwik,mjozwik2@redcross.org,Male,19/03/2023,213,24/10/2023,(622) 6887834
15477057,Di,Glasebrook,dglasebrookkm@myspace.com,Female,16/01/2023,213,30/06/2023,(757) 3426002
85539060,Ian,Steenson,isteensonq7@mail.ru,Male,27/09/2022,213,01/10/2022,(642) 8214054
13088420,Warden,Bracknell,wbracknelllu@gmpg.org,Male,04/02/2023,214,07/08/2023,(260) 5866765
55547165,Dino,Stocking,dstockingot@about.com,Male,08/05/2023,215,06/07/2023,(648) 0065467
22491071,Ario,Treverton,atrevertonqx@wordpress.com,Male,17/03/2023,215,23/06/2023,(143) 5770377
24483226,Elden,Chatto,echattoa9@unc.edu,Male,26/08/2022,216,24/04/2023,(147) 1648804
81861887,Jordon,Dominka,jdominkag4@etsy.com,Male,03/08/2022,216,20/12/2022,(746) 0286470
81979819,Ludovico,Mercer,lmerceri1@sciencedirect.com,Male,06/05/2023,216,08/12/2023,(874) 0525127
99409104,Lamont,Sevin,lsevinm9@yolasite.com,Genderqueer,19/04/2023,216,08/05/2023,(334) 4374337
47482370,Bellanca,Clowsley,bclowsleyme@nationalgeographic.com,Genderqueer,22/12/2022,216,18/02/2023,(030) 3686036
44133183,Scott,Farran,sfarranf3@google.co.jp,Male,27/12/2022,217,06/06/2023,(243) 7038213
68141855,Emlynn,Tonkinson,etonkinson3b@oracle.com,Female,30/11/2022,218,05/04/2023,(666) 4178204
22884977,Colly,Sothcott,csothcottis@amazon.co.jp,Female,25/11/2022,218,07/06/2023,(602) 6776382
77085174,Micheline,Yarn,myarnmy@stumbleupon.com,Female,26/02/2023,218,01/05/2023,(325) 7022381
58373784,Montague,Richings,mrichings8e@irs.gov,Genderqueer,02/11/2022,219,16/12/2022,(031) 4854641
10455503,Mavra,Roze,mrozecd@pagesperso-orange.fr,Female,22/11/2022,219,19/10/2023,(227) 7654315
45619641,Shanon,Woodfine,swoodfinefx@hc360.com,Female,08/09/2022,219,15/02/2023,(486) 0528140
85261133,Isidor,Mathewson,imathewsongr@nationalgeographic.com,Male,29/12/2022,219,04/08/2023,(302) 1653262
2085783,Lukas,Fakes,lfakesnk@accuweather.com,Male,09/04/2023,219,12/10/2023,(543) 0666281
50313503,Cicily,Fieldstone,cfieldstone3h@npr.org,Female,17/07/2022,220,09/09/2022,(272) 2661004
90613611,Brigid,Stivey,bstiveylw@berkeley.edu,Female,10/08/2022,220,22/11/2023,(232) 7475425
70632537,Caleb,Nani,cnanidl@howstuffworks.com,Male,09/06/2022,221,10/06/2023,(271) 1220412
6604751,Cookie,Perford,cperford6u@tumblr.com,Female,16/01/2023,222,16/08/2023,(665) 2680612
13791498,Tod,Esplin,tespline9@tuttocitta.it,Male,25/05/2023,222,24/06/2023,(870) 7121688
84218111,Wini,Gipp,wgippk9@wsj.com,Female,02/12/2022,222,20/11/2023,(254) 4617447
62299177,Salomon,Swafield,sswafieldp9@google.com.au,Male,13/01/2023,222,14/02/2023,(835) 0378166
18973557,Darya,Milstead,dmilsteadrc@ed.gov,Female,27/02/2023,222,12/07/2023,(784) 4750710
47864791,Mathew,Ghione,mghionerh@java.com,Male,26/07/2022,222,15/07/2023,(008) 2485565
46769548,Bernie,Pettegree,bpettegree7n@storify.com,Male,12/04/2023,223,05/06/2023,(110) 0402154
38682248,Drusy,Kaubisch,dkaubischcg@blinklist.com,Genderfluid,04/06/2023,223,18/07/2023,(451) 2315714
25637795,Beck,Longhi,blonghihs@t-online.de,Male,28/11/2022,223,13/12/2023,(884) 2127756
12768255,Saul,Villaron,svillaronnt@bandcamp.com,Male,20/02/2023,223,23/05/2023,(155) 4153348
59540823,Mavra,Nockles,mnocklesb4@businesswire.com,Female,20/09/2022,224,19/02/2023,(476) 1218363
19854231,Bartram,Warret,bwarretkn@imgur.com,Male,16/01/2023,224,11/10/2023,(153) 3334866
79117283,Arty,Buddle,abuddlep8@latimes.com,Male,31/05/2023,224,25/09/2023,(002) 7338612
96031994,Hi,McGilleghole,hmcgillegholee@miitbeian.gov.cn,Male,27/12/2022,225,02/11/2023,(814) 8415607
83802451,Elsbeth,Geipel,egeipel7a@barnesandnoble.com,Polygender,02/07/2022,225,22/04/2023,(010) 5317107
50307782,Andrei,Bottrill,abottrillaj@wikia.com,Female,13/10/2022,225,16/06/2023,(003) 3856841
56173903,Ernst,Mathon,emathonlt@wired.com,Male,07/08/2022,225,13/05/2023,(200) 0200454
78162927,Glynnis,Tuppeny,gtuppeny5q@bbb.org,Female,28/10/2022,226,15/04/2023,(547) 5501157
87429219,Donovan,Gathercole,dgathercole6l@google.nl,Male,16/04/2023,226,30/09/2023,(726) 0045700
99244090,Brennen,Botterman,bbottermanjr@newsvine.com,Male,11/06/2022,226,20/07/2022,(462) 0357314
68951993,Roxanne,Mitchelmore,rmitchelmoreqr@seesaa.net,Female,22/06/2022,226,02/08/2023,(613) 1358131
89286878,Lewiss,Gerssam,lgerssam13@amazon.com,Male,21/02/2023,227,18/10/2023,(774) 7403437
83244695,Joyce,Lasty,jlasty4i@mlb.com,Female,28/12/2022,227,02/07/2023,(836) 7383653
64515143,Latashia,Dairton,ldairtongz@tamu.edu,Female,25/03/2023,227,14/07/2023,(006) 6446318
52542029,Jaquenetta,Stoller,jstoller9q@linkedin.com,Female,18/10/2022,228,15/04/2023,(528) 5003073
21384759,Wyatan,Vine,wvine9u@1688.com,Male,08/08/2022,228,15/06/2023,(702) 1847281
34177214,Jacques,Sowood,jsowoodcm@yandex.ru,Male,02/07/2022,228,04/11/2022,(562) 2045541
6208763,Bevin,Gommey,bgommeydj@acquirethisname.com,Male,28/02/2023,228,02/10/2023,(703) 7013276
40801308,Misha,Tarrant,mtarrantge@google.pl,Female,03/10/2022,228,31/01/2023,(280) 7687424
73575423,Granthem,Signori,gsignoriz@usa.gov,Male,19/01/2023,229,02/12/2023,(628) 5628305
56445311,Alika,Molloy,amolloyf0@va.gov,Female,14/01/2023,229,14/05/2023,(330) 4677155
76804028,Annalee,Swales,aswalespi@ox.ac.uk,Female,15/03/2023,229,10/05/2023,(637) 6302202
9121383,Rene,McAne,rmcanehb@theglobeandmail.com,Agender,02/07/2022,230,08/08/2023,(384) 7750355
6839579,Lizette,De Zuani,ldezuanikp@google.co.uk,Female,21/02/2023,230,30/08/2023,(321) 6247763
45591795,Katharine,Bransgrove,kbransgrovere@drupal.org,Female,14/08/2022,230,29/08/2022,(177) 5076121
98451393,Lew,Boffin,lboffinjs@paypal.com,Genderfluid,25/08/2022,231,19/09/2022,(470) 2721701
42717075,Drud,Loutheane,dloutheane7m@utexas.edu,Male,02/04/2023,232,14/10/2023,(214) 7234406
15634665,Simeon,Semered,ssemered8f@tmall.com,Male,25/08/2022,232,01/08/2023,(424) 5387274
99872665,Kamillah,Bissatt,kbissattoz@ebay.com,Female,29/09/2022,232,18/11/2022,(661) 1058676
24311035,Minnaminnie,Hanley,mhanleyq0@twitpic.com,Female,08/04/2023,232,05/11/2023,(853) 4470815
63344400,Farica,Braithwait,fbraithwait7w@cloudflare.com,Female,17/06/2022,233,25/08/2023,(460) 4342171
48435727,Ringo,Cudmore,rcudmoredz@howstuffworks.com,Male,31/07/2022,233,02/10/2022,(252) 3005055
48336610,Hildagard,Pusey,hpuseyja@gizmodo.com,Female,23/08/2022,233,22/07/2023,(764) 1485027
40112417,Saunder,Arno,sarnojx@icq.com,Male,03/03/2023,233,27/04/2023,(205) 7642421
1545801,Sarajane,Hillam,shillamm4@utexas.edu,Female,25/05/2023,234,04/12/2023,(586) 3346643
46170217,Waldo,Cordeix,wcordeix5i@tinypic.com,Male,27/01/2023,235,06/06/2023,(601) 3746086
37327578,Philippe,Odgers,podgers82@nymag.com,Female,13/02/2023,235,11/04/2023,(127) 6647044
62464655,Julienne,Whyler,jwhylerfk@howstuffworks.com,Female,22/03/2023,235,10/04/2023,(238) 1217138
36258305,Elihu,Haskayne,ehaskayne5t@arstechnica.com,Male,17/06/2022,236,01/10/2023,(373) 1344018
39133445,Dennis,Gentle,dgentle72@abc.net.au,Male,09/07/2022,236,01/06/2023,(780) 6143666
55904573,Tome,Meuse,tmeusec8@oracle.com,Male,13/09/2022,236,12/12/2023,(326) 4567028
78455635,Nancee,Fardell,nfardelleu@sina.com.cn,Female,27/12/2022,236,08/04/2023,(712) 5211208
77230436,Sutton,Jenkinson,sjenkinsonh1@sciencedaily.com,Male,11/11/2022,236,12/11/2022,(730) 0531812
77710114,Erek,Brackpool,ebrackpooljl@technorati.com,Male,29/08/2022,236,19/11/2022,(886) 8231235
18459464,Janetta,Bullard,jbullardma@ebay.co.uk,Female,02/05/2023,236,15/11/2023,(681) 7131748
36907587,Stan,Giamo,sgiamola@imdb.com,Male,09/12/2022,237,04/03/2023,(036) 1078277
34416446,Aloisia,Seydlitz,aseydlitzqz@barnesandnoble.com,Female,26/09/2022,237,24/08/2023,(738) 3127221
16142077,Ivonne,O'Lehane,iolehane9@amazon.co.uk,Polygender,28/01/2023,238,06/06/2023,(078) 7773722
9132253,Jordon,Frankel,jfrankelr@fc2.com,Male,16/11/2022,238,01/11/2023,(633) 0106565
55506111,Cristionna,Alday,caldayco@house.gov,Female,27/10/2022,238,17/07/2023,(654) 7312105
64918169,Ilka,Huyghe,ihuyghepw@illinois.edu,Non-binary,13/08/2022,238,22/08/2022,(406) 1001318
50592472,Zebulon,Grzegorczyk,zgrzegorczykqv@microsoft.com,Agender,17/01/2023,238,16/11/2023,(664) 4655158
33934994,Laryssa,Vials,lvials3d@harvard.edu,Female,10/03/2023,239,31/03/2023,(527) 0316150
11195222,Cosimo,Gwynne,cgwynneay@hubpages.com,Male,27/09/2022,239,23/07/2023,(253) 2813024
48687659,Legra,De la Feld,ldelafeldk1@wikia.com,Polygender,12/03/2023,239,30/05/2023,(677) 6536147
1463722,Allard,Collyear,acollyearql@weebly.com,Male,23/01/2023,239,07/09/2023,(753) 2023110
29408415,Byron,Andreou,bandreou1i@hp.com,Male,03/04/2023,240,26/12/2023,(331) 1055022
73196375,Alisa,Rigge,arigge2c@cmu.edu,Female,23/08/2022,240,24/11/2022,(775) 6444384
37670059,Anatol,Cowperthwaite,acowperthwaitehk@redcross.org,Male,06/02/2023,240,27/08/2023,(367) 2508556
27196546,Obediah,Bartels,obartelsih@macromedia.com,Male,04/02/2023,240,06/07/2023,(237) 0134478
44666435,Frants,Eglaise,feglaise2i@fema.gov,Male,28/12/2022,241,15/05/2023,(685) 6348858
79498751,Killian,Norfolk,knorfolk3a@telegraph.co.uk,Male,17/12/2022,241,24/02/2023,(385) 1206651
46922789,Sheryl,Cattroll,scattroll61@51.la,Female,24/07/2022,241,01/04/2023,(310) 7160515
59450693,Wendall,Lewsey,wlewsey6k@printfriendly.com,Genderqueer,02/04/2023,241,16/06/2023,(334) 0142031
18039840,Kirbee,Conroy,kconroye2@bbc.co.uk,Female,29/01/2023,241,21/12/2023,(516) 2800165
66933987,Clary,Demaid,cdemaidf2@google.com.au,Female,03/02/2023,241,12/06/2023,(530) 0508416
87159683,Marge,Strangeway,mstrangeway6y@narod.ru,Female,06/02/2023,242,11/04/2023,(340) 2223874
11250624,Dulcea,Gellibrand,dgellibrandab@hao123.com,Female,13/12/2022,242,12/11/2023,(471) 1128122
77871674,Talya,Batiste,tbatister4@slate.com,Female,01/06/2023,242,29/06/2023,(126) 5164167
45475202,Meta,Band,mband6e@go.com,Female,11/05/2023,243,01/08/2023,(810) 2826534
66652883,Benedicto,Jennison,bjennison7b@posterous.com,Male,11/07/2022,243,05/05/2023,(547) 6624825
4538987,Cirstoforo,Rizon,crizon7x@bloglovin.com,Male,04/07/2022,243,20/05/2023,(100) 8184131
78988101,Aldrich,Duckhouse,aduckhousei0@sciencedirect.com,Male,27/04/2023,243,21/11/2023,(112) 3480418
98358951,Aindrea,Peirce,apeirceki@sogou.com,Female,08/05/2023,243,27/05/2023,(781) 0007467
21381534,Laurette,Caudle,lcaudle6q@bbc.co.uk,Female,10/11/2022,245,04/05/2023,(836) 8604502
66723863,Robina,Snoddon,rsnoddoneo@exblog.jp,Female,21/11/2022,245,22/04/2023,(870) 4767247
29125013,Tova,Sagar,tsagarmm@amazon.co.jp,Female,20/06/2022,245,10/08/2022,(058) 2532344
42980882,Virgie,Sambell,vsambell3s@chronoengine.com,Polygender,26/12/2022,246,27/02/2023,(550) 3512663
81716060,Killian,Struthers,kstruthersdk@ocn.ne.jp,Male,09/06/2022,246,06/07/2022,(536) 1305705
71177097,Donetta,Roddick,droddickg3@infoseek.co.jp,Bigender,03/10/2022,246,18/10/2022,(448) 7236662
85753758,Lilia,Mead,lmeadip@arstechnica.com,Female,22/11/2022,246,15/05/2023,(034) 2676173
44434464,Archie,Rawle,arawleoo@technorati.com,Polygender,21/08/2022,246,11/03/2023,(114) 8441557
36160527,Mace,Rutland,mrutlands@de.vu,Male,08/10/2022,247,16/12/2022,(630) 3450352
71395145,Katherina,Dietzler,kdietzler6o@hhs.gov,Female,08/07/2022,247,07/04/2023,(267) 5723434
21513380,Neilla,Hamshere,nhamshere79@g.co,Female,10/05/2023,247,13/11/2023,(663) 1354474
67527237,Benetta,Sprules,bsprulesj6@state.tx.us,Female,30/01/2023,247,29/07/2023,(462) 2664702
2223139,Filmore,Kearn,fkearn3t@posterous.com,Male,22/10/2022,248,10/01/2023,(808) 1836844
95436354,Walden,Tanslie,wtanslie9l@hc360.com,Male,03/05/2023,248,18/08/2023,(510) 4323415
8658919,Ritchie,Boliver,rboliverd7@pagesperso-orange.fr,Male,13/07/2022,248,07/11/2022,(155) 1427483
29347064,Theodoric,Tooher,ttooherpf@spiegel.de,Male,09/04/2023,248,19/05/2023,(288) 0020536
55327392,Nonnah,Dericot,ndericotpz@soundcloud.com,Female,05/04/2023,248,14/08/2023,(886) 5174140
75503324,Dall,Tame,dtame15@slate.com,Male,22/10/2022,249,19/11/2022,(111) 0520255
46634874,Silvester,Greenrde,sgreenrde6g@amazon.co.uk,Male,12/04/2023,250,09/12/2023,(368) 0508246
81231857,Alick,Yarham,ayarhamer@cdc.gov,Male,18/10/2022,250,12/03/2023,(255) 2071242
73987996,Modestia,Stogill,mstogillf9@shop-pro.jp,Female,05/02/2023,250,09/06/2023,(450) 0520420
36686792,Carline,Bingall,cbingallh3@abc.net.au,Female,20/06/2022,250,17/08/2023,(731) 2467635
65042608,Dennie,Misk,dmiskri@google.it,Non-binary,04/10/2022,250,27/01/2023,(615) 8614708
60175474,Jarid,Smiley,jsmileyv@theglobeandmail.com,Male,01/12/2022,251,01/04/2023,(577) 5538642
64013911,Garret,Simmons,gsimmons1a@bandcamp.com,Male,29/12/2022,251,09/01/2023,(844) 2345616
20455100,Petey,Budd,pbudd8v@java.com,Male,18/04/2023,252,07/08/2023,(368) 3842188
97485437,Tiffy,Bambrick,tbambrickc3@cpanel.net,Female,30/10/2022,253,08/11/2022,(251) 6500128
79637020,Tiphani,Emslie,temslieds@jiathis.com,Female,31/03/2023,253,09/10/2023,(664) 5444601
38711640,Odelinda,Lackham,olackhamkz@google.it,Polygender,27/08/2022,253,04/06/2023,(414) 7221103
82551270,Randi,Sandry,rsandrya8@typepad.com,Male,23/05/2023,254,26/08/2023,(336) 6760810
11577656,Bobina,Blankenship,bblankenshipcj@narod.ru,Female,16/08/2022,254,05/09/2023,(350) 6072736
14195274,Tim,Farrin,tfarrinhq@dion.ne.jp,Male,06/12/2022,254,30/09/2023,(112) 0874723
46982609,Minnaminnie,Garrud,mgarrud4l@aboutads.info,Female,21/08/2022,255,14/06/2023,(847) 7446874
26449958,Avril,Gowthrop,agowthropll@fda.gov,Female,20/10/2022,255,01/03/2023,(568) 8234415
30408660,Gianni,Antonoczyk,gantonoczykrk@hp.com,Male,03/10/2022,255,14/11/2022,(134) 2035040
34503184,Dyan,Weymouth,dweymouthm@soundcloud.com,Female,24/05/2023,256,07/06/2023,(727) 1763835
74431471,Jory,Jerschke,jjerschke69@earthlink.net,Male,04/08/2022,256,13/07/2023,(061) 4757778
14599853,Judd,Danher,jdanhergw@admin.ch,Male,18/08/2022,256,27/01/2023,(650) 1361081
78979635,Pascal,Dessaur,pdessaurij@amazon.co.jp,Male,25/03/2023,256,06/09/2023,(602) 3568628
99080749,Susanetta,Stenson,sstensong@alexa.com,Female,30/01/2023,257,13/03/2023,(083) 6411710
22569418,Lonnard,Fenkel,lfenkel1b@reuters.com,Non-binary,11/07/2022,257,12/02/2023,(785) 0234234
54934188,Land,Swannell,lswannell4g@addtoany.com,Male,24/04/2023,257,09/11/2023,(553) 3814552
2292252,Shaina,Rolles,srolles8g@paginegialle.it,Female,12/09/2022,257,15/11/2023,(682) 2835253
69465236,Caddric,Wolfer,cwolfermt@mit.edu,Male,14/09/2022,257,27/07/2023,(743) 8263265
30506997,Marcos,Spellsworth,mspellsworthmu@zdnet.com,Male,30/08/2022,257,08/08/2023,(402) 5755246
33704185,Dukie,Belverstone,dbelverstonec1@ameblo.jp,Male,19/04/2023,258,26/05/2023,(753) 3152421
95012405,Lark,Critchley,lcritchleykv@blog.com,Female,29/12/2022,258,25/03/2023,(133) 3140765
80594076,Gideon,Duckham,gduckhamm5@cpanel.net,Male,25/11/2022,258,10/04/2023,(374) 8418875
8850132,Albertina,Mellmoth,amellmoth11@weather.com,Female,08/08/2022,259,15/05/2023,(182) 1886061
18193196,Drucy,Klewi,dklewi3j@marketwatch.com,Female,24/08/2022,259,05/06/2023,(061) 1143844
34179482,Casper,Ellit,cellit7e@independent.co.uk,Non-binary,18/02/2023,259,31/05/2023,(027) 0247506
87578365,Nonah,Dewberry,ndewberryc9@typepad.com,Female,09/11/2022,259,28/05/2023,(833) 5447806
9890390,Ximenez,Carriage,xcarriaged1@blinklist.com,Male,04/09/2022,259,04/09/2023,(868) 4820118
4094471,Vin,Muzzi,vmuzzifz@ed.gov,Polygender,22/03/2023,259,23/10/2023,(678) 5547762
36964719,Johnnie,Klamp,jklamphf@skype.com,Male,07/04/2023,259,26/09/2023,(871) 4860268
47542386,Mikael,Morland,mmorlandkk@shutterfly.com,Male,03/12/2022,259,17/12/2023,(735) 6108675
18564047,Rufus,Fink,rfinkne@bbc.co.uk,Male,03/08/2022,259,13/10/2022,(283) 7452844
93224660,Devonne,Plom,dplomqd@goo.gl,Female,18/11/2022,259,07/09/2023,(215) 2785620
34054472,Emmy,Bausor,ebausor1n@sakura.ne.jp,Male,07/08/2022,260,21/11/2023,(576) 1177657
50717386,Starla,Skey,sskey5w@timesonline.co.uk,Female,27/04/2023,260,30/05/2023,(101) 2054857
80932572,Kerwin,Ginni,kginnigh@trellian.com,Male,15/09/2022,260,10/07/2023,(153) 1565420
62086814,Jeramey,Carney,jcarneyha@va.gov,Male,31/05/2023,260,10/09/2023,(807) 3212734
73858505,Kandy,Creenan,kcreenanik@boston.com,Female,29/05/2023,260,12/10/2023,(572) 4848621
22677510,Lorin,Ogle,loglekr@shutterfly.com,Male,04/07/2022,260,19/11/2023,(522) 2382136
82728609,Norby,Thorald,nthoraldnd@apache.org,Genderfluid,11/01/2023,260,12/03/2023,(441) 0222725
19507883,Vannie,Ponten,vponten5a@google.it,Female,07/03/2023,261,10/09/2023,(662) 2630142
683708,Fenelia,Destouche,fdestouche8d@angelfire.com,Female,16/08/2022,261,31/05/2023,(151) 4522157
1086349,Giselbert,Twaits,gtwaits33@amazon.co.uk,Male,03/06/2023,262,17/07/2023,(044) 1432666
16469019,Maximilianus,Featherbie,mfeatherbiea2@hud.gov,Male,01/09/2022,262,01/06/2023,(368) 7742255
21244101,Adriana,Apps,aappsaf@chicagotribune.com,Female,21/09/2022,262,06/01/2023,(200) 8025104
7605601,Currie,Croizier,ccroizierkf@google.ru,Male,17/07/2022,262,21/08/2023,(564) 1655823
66906453,Ulberto,Zylberdik,uzylberdiklr@home.pl,Male,29/09/2022,262,20/06/2023,(770) 6675752
21569088,Ricca,Heinsius,rheinsiusrp@etsy.com,Female,31/08/2022,262,08/04/2023,(325) 6125248
75503904,Cammy,Gerbl,cgerbl29@ehow.com,Female,04/06/2023,263,19/09/2023,(012) 7048613
68279915,Arielle,Harrowell,aharrowell59@sogou.com,Female,11/12/2022,263,11/12/2022,(478) 2686450
51864654,Tyrus,Morit,tmorit87@typepad.com,Male,05/03/2023,263,16/10/2023,(000) 4800118
34115649,Chastity,McCaighey,cmccaigheyie@si.edu,Female,12/12/2022,263,30/10/2023,(001) 5881267
83433096,Raf,Dalloway,rdallowayit@harvard.edu,Female,17/02/2023,263,24/11/2023,(575) 2163220
71388426,Yancy,Bax,ybaxq2@51.la,Male,08/03/2023,263,06/05/2023,(772) 0120626
83689664,Caz,Grose,cgrose46@archive.org,Male,09/11/2022,264,22/01/2023,(406) 8383528
6142590,Nicolette,Godilington,ngodilington5p@networkadvertising.org,Female,06/09/2022,264,27/12/2022,(058) 2278361
95938291,Tulley,Linkin,tlinkinbi@ca.gov,Male,19/02/2023,264,24/03/2023,(526) 2718067
22672640,Corliss,Shulem,cshulemqj@addthis.com,Female,22/06/2022,264,14/12/2023,(304) 6333141
64855301,Octavius,Hedley,ohedley20@umn.edu,Male,26/08/2022,266,04/12/2022,(338) 6246347
15782588,Aviva,Lanigan,alanigan6n@princeton.edu,Agender,04/11/2022,266,05/09/2023,(864) 6402868
59356669,Cazzie,Batterbee,cbatterbeek0@fema.gov,Male,20/06/2022,266,07/10/2023,(313) 0500561
30203127,Cherlyn,Forte,cfortelb@list-manage.com,Female,15/10/2022,266,03/02/2023,(605) 8204256
46974288,Garek,Baudinot,gbaudinot35@i2i.jp,Male,07/05/2023,267,22/05/2023,(000) 6612625
85757074,Earvin,Braemer,ebraemerak@bizjournals.com,Male,19/02/2023,267,11/06/2023,(373) 6466230
98092490,Sascha,Petrescu,spetrescucz@yandex.ru,Male,16/03/2023,267,26/03/2023,(321) 4578751
2594108,Loren,Reader,lreader2g@uiuc.edu,Male,28/07/2022,268,19/12/2022,(700) 4167404
20542765,Holmes,Durnian,hdurnian2q@wix.com,Genderfluid,12/05/2023,268,19/06/2023,(710) 1552057
24124943,Baldwin,Clemmey,bclemmey4a@typepad.com,Male,19/03/2023,268,21/06/2023,(754) 7342354
61302029,Vail,Chadburn,vchadburnbn@t-online.de,Male,02/05/2023,268,27/11/2023,(150) 1072583
68974446,Mari,Coutts,mcouttso3@house.gov,Female,31/05/2023,268,10/10/2023,(238) 8064863
15864362,Amery,Woolis,awoolisbc@goo.ne.jp,Male,25/07/2022,269,15/04/2023,(400) 7862762
97105180,Remington,Vernalls,rvernallsfn@admin.ch,Male,08/10/2022,269,30/03/2023,(753) 2106870
96358210,Salomi,Stonard,sstonard8p@harvard.edu,Female,26/12/2022,270,23/01/2023,(264) 5103351
30402754,Dacia,Breche,dbrechepc@alibaba.com,Female,15/07/2022,270,06/11/2022,(370) 4036712
79470451,Fowler,Musico,fmusicofv@msn.com,Male,16/08/2022,271,11/09/2022,(626) 1364683
80633438,Gordan,Wonfar,gwonfarpe@last.fm,Male,16/07/2022,271,20/07/2023,(177) 2115426
519704,Lesly,Hargrove,lhargrove8s@senate.gov,Female,16/12/2022,272,02/01/2023,(152) 1706182
96349359,Jarrett,Jordan,jjordancw@google.de,Male,01/02/2023,272,22/07/2023,(788) 4768664
69332672,Mead,Keeffe,mkeeffeo5@comcast.net,Female,24/02/2023,272,23/04/2023,(666) 4432301
70994396,Mercy,Manoelli,mmanoelliof@ibm.com,Female,04/05/2023,272,03/06/2023,(748) 8760621
23787463,Elliot,Dohms,edohmsfs@patch.com,Male,17/06/2022,273,07/01/2023,(721) 5806883
19315233,Gerardo,Panniers,gpanniersh9@theguardian.com,Agender,27/09/2022,273,02/10/2023,(715) 1182524
14860678,Orrin,Ridsdole,oridsdolehj@wired.com,Genderqueer,31/10/2022,274,02/11/2022,(884) 8684314
22428525,Valene,Welden,vweldeniz@hhs.gov,Female,27/02/2023,275,26/05/2023,(564) 7327212
34030435,Mari,Ralfe,mralfekd@shop-pro.jp,Genderqueer,01/01/2023,275,19/09/2023,(614) 5880872
18255643,Cassy,Kohler,ckohlerg2@discovery.com,Female,18/05/2023,276,13/07/2023,(141) 4575442
64097927,Etty,Fearns,efearnsh8@g.co,Female,25/10/2022,276,12/12/2022,(230) 8740005
62585102,Elisabeth,Bezant,ebezantj5@mozilla.org,Female,18/11/2022,276,07/02/2023,(582) 6777048
36789331,Marietta,Barrs,mbarrsjz@cdc.gov,Male,19/02/2023,276,18/08/2023,(757) 4016876
9005987,Donnie,Morton,dmorton7@usda.gov,Female,27/08/2022,277,04/11/2023,(647) 5662655
6761368,Ricoriki,Collough,rcolloughgy@bing.com,Male,13/08/2022,277,13/10/2023,(472) 6874182
21780315,Lionello,Blacklawe,lblacklawe18@netscape.com,Male,12/06/2022,279,15/09/2023,(848) 5302746
14492354,Sayers,Greenless,sgreenless50@com.com,Male,18/03/2023,279,20/12/2023,(854) 7663411
53371574,Barbette,Hirche,bhirche6t@census.gov,Female,25/10/2022,279,04/02/2023,(451) 2178570
34657140,Amelie,Knutsen,aknutsenag@amazonaws.com,Female,09/12/2022,279,01/01/2023,(228) 7826206
43091357,Onfroi,Brute,obrute25@intel.com,Male,05/02/2023,280,23/07/2023,(070) 6132573
84640216,Athene,Gowland,agowland4r@blogs.com,Female,30/09/2022,280,11/04/2023,(744) 7816183
92758838,Dillie,Ciobutaro,dciobutaroar@jigsy.com,Male,05/12/2022,280,14/11/2023,(261) 2207451
2983158,Loise,Shaw,lshawnp@1688.com,Female,29/05/2023,280,12/11/2023,(846) 7826732
49013436,Sid,Guerreiro,sguerreiro3f@about.com,Male,26/05/2023,281,08/11/2023,(325) 0174332
24959973,Prent,Crebo,pcrebo78@webeden.co.uk,Male,08/01/2023,281,18/11/2023,(067) 8864864
18466004,Percival,Farthin,pfarthincb@patch.com,Male,21/12/2022,281,06/12/2023,(575) 4206117
2790612,Hally,Paulmann,hpaulmannfa@google.com.hk,Female,03/07/2022,281,11/10/2022,(725) 6868250
11214741,Cacilia,Crole,ccrolel6@deliciousdays.com,Female,14/07/2022,281,19/12/2022,(005) 2605504
43339387,Theodosia,Pawellek,tpawellekmh@typepad.com,Female,26/12/2022,281,27/08/2023,(471) 1402823
60708469,Devina,Ilyinykh,dilyinykhn2@examiner.com,Female,26/10/2022,281,28/11/2022,(306) 1174233
14345911,Kahlil,Chawner,kchawnerq3@ycombinator.com,Male,14/05/2023,281,25/11/2023,(470) 5337357
46929162,Corinne,Sumnall,csumnall5o@admin.ch,Female,20/06/2022,282,19/10/2023,(075) 5722156
22673747,Rubie,Ballam,rballamfd@trellian.com,Female,29/01/2023,282,19/04/2023,(284) 0457536
74378372,Conn,Curley,ccurleypl@go.com,Male,08/03/2023,282,14/12/2023,(404) 4227721
71388317,Juliana,Egger,jegger8@columbia.edu,Female,16/04/2023,283,21/10/2023,(180) 1506711
31212625,Melodie,Housegoe,mhousegoe2r@nymag.com,Female,28/07/2022,283,21/10/2022,(757) 8667606
82166097,Livy,Moorwood,lmoorwood7o@marketwatch.com,Female,26/01/2023,283,27/01/2023,(666) 6611666
55683801,Rita,Slaughter,rslaughterl9@phpbb.com,Female,25/05/2023,283,05/08/2023,(283) 8462873
5272546,Tracie,Freddi,tfreddimf@google.com.au,Male,10/09/2022,283,23/10/2022,(416) 0257258
2952906,Jacquette,Watkiss,jwatkissnv@mit.edu,Female,27/01/2023,283,16/05/2023,(378) 5502173
34558869,Sheila-kathryn,Blakeney,sblakeney12@ebay.co.uk,Agender,08/04/2023,284,03/08/2023,(671) 6710380
67182922,Michaella,Shippard,mshippard2o@bravesites.com,Genderqueer,15/03/2023,284,04/12/2023,(487) 6704826
2838603,Nicolas,Ritzman,nritzman3p@gov.uk,Male,12/12/2022,284,26/08/2023,(238) 0254158
90787531,Jeffry,Turland,jturland7i@foxnews.com,Male,30/06/2022,284,07/07/2023,(251) 2050551
35825891,Steward,Hubery,shuberyf4@example.com,Male,03/03/2023,284,13/09/2023,(807) 5207234
14901613,Faustine,Latek,flatekj1@1und1.de,Polygender,31/01/2023,284,27/11/2023,(057) 4658674
15339324,Yuri,De Morena,ydemorenaje@vistaprint.com,Male,09/11/2022,284,16/06/2023,(357) 2577630
69190932,Cathy,Hayler,chaylerq5@google.co.uk,Female,11/03/2023,284,23/08/2023,(158) 4017171
11101930,Royal,Tufts,rtufts1t@npr.org,Male,18/05/2023,285,03/09/2023,(604) 3657510
5528718,Tine,Tomich,ttomich93@lycos.com,Female,14/08/2022,285,04/12/2022,(222) 5553126
21347819,Zorana,Bisseker,zbissekere1@fema.gov,Female,13/07/2022,285,22/06/2023,(816) 5056155
29836346,Marijo,Strongman,mstrongmanlo@hud.gov,Female,19/05/2023,285,08/06/2023,(175) 8207052
24593005,Garrik,Segeswoeth,gsegeswoeth80@wikispaces.com,Male,12/08/2022,286,16/11/2022,(563) 4628500
43253891,Rowland,Weddell,rweddelldx@bizjournals.com,Male,08/03/2023,286,05/08/2023,(574) 0530600
90412895,Paulie,Seamans,pseamansi5@merriam-webster.com,Polygender,30/07/2022,286,12/09/2022,(714) 1850047
73136592,Walton,Vinnick,wvinnickj9@yandex.ru,Male,21/09/2022,286,03/10/2022,(433) 6751681
64423716,Pansie,Shervil,pshervill3@nymag.com,Female,29/06/2022,286,23/08/2022,(265) 2576117
73648401,Cris,Beddis,cbeddisox@gov.uk,Male,16/02/2023,286,12/11/2023,(413) 8277534
16607362,Duff,Rubinow,drubinowq6@is.gd,Male,26/08/2022,286,20/11/2023,(612) 5621426
41255358,Paige,Vasilyonok,pvasilyonokqo@umn.edu,Non-binary,20/01/2023,286,27/05/2023,(002) 8261764
94798279,Hilton,Bowker,hbowkerg0@acquirethisname.com,Male,12/08/2022,287,09/03/2023,(087) 7187176
17078219,Phillida,Beelby,pbeelbyli@jugem.jp,Female,24/09/2022,287,20/11/2022,(126) 1838755
19897986,Minny,Oxenbury,moxenburyp4@wufoo.com,Female,08/12/2022,287,04/04/2023,(053) 2622605
45990520,Ottilie,Hows,ohowsa4@cdc.gov,Female,01/05/2023,288,19/07/2023,(210) 6563477
40482289,Yurik,De Giovanni,ydegiovannig6@blogger.com,Male,25/11/2022,288,04/05/2023,(264) 8810501
13311819,Marvin,Swyer,mswyerio@nsw.gov.au,Male,16/10/2022,288,06/04/2023,(802) 7140276
89883190,Johnette,OIlier,joilierjg@cnn.com,Female,13/04/2023,288,10/11/2023,(085) 4747142
10076365,Morgan,Peat,mpeatjp@purevolume.com,Female,10/05/2023,288,29/08/2023,(442) 7101852
44736641,Padraic,Ladyman,pladymanhi@ftc.gov,Male,30/11/2022,289,08/10/2023,(155) 7573081
24395464,Joann,MacLoughlin,jmacloughlinln@google.com.au,Agender,28/11/2022,289,08/01/2023,(807) 1261280
7921913,Freeman,Goodrick,fgoodrick5b@w3.org,Male,25/08/2022,290,27/04/2023,(475) 6185313
77954745,Gretta,Giacomozzo,ggiacomozzogf@issuu.com,Female,27/12/2022,290,31/08/2023,(127) 7740335
10307806,Rudolph,Boltwood,rboltwoodhg@harvard.edu,Male,20/10/2022,290,14/11/2022,(603) 0301512
79602728,Pietro,Wedmore.,pwedmoremo@wunderground.com,Male,01/05/2023,290,28/09/2023,(665) 4578638
79518412,Ferrell,Stute,fstute4t@paypal.com,Male,10/11/2022,291,06/02/2023,(785) 5776435
62360039,Dieter,Plaster,dplaster7c@reddit.com,Male,08/06/2022,291,30/07/2022,(132) 4651251
15568578,Fowler,Lisamore,flisamore7v@domainmarket.com,Male,03/01/2023,291,30/11/2023,(802) 3266863
34216627,Jeffie,Whatsize,jwhatsizeby@netlog.com,Male,31/03/2023,291,24/09/2023,(138) 0771367
41092935,Madella,Hogsden,mhogsdenmq@nsw.gov.au,Female,10/08/2022,291,20/03/2023,(586) 1753280
1444894,Blisse,Gammett,bgammettau@noaa.gov,Female,09/10/2022,292,27/11/2023,(725) 5456422
70502978,Elora,Dashkov,edashkovf8@clickbank.net,Female,12/06/2022,292,20/06/2022,(040) 0783675
69351298,Ulrick,Ghidoni,ughidoni4y@cbc.ca,Male,19/02/2023,293,18/03/2023,(313) 5005415
42763642,Boony,Jizhaki,bjizhaki51@ca.gov,Male,06/09/2022,293,23/12/2023,(338) 8737755
72244799,Axe,Haffenden,ahaffenden9r@ft.com,Male,08/10/2022,294,28/04/2023,(730) 0406557
11984349,Randolph,Cowden,rcowdenen@thetimes.co.uk,Male,07/11/2022,294,25/09/2023,(471) 5330556
75726534,Hillyer,Magog,hmagoghd@last.fm,Male,29/09/2022,294,03/07/2023,(443) 8144060
31473177,Mitzi,Cotes,mcotesm6@economist.com,Female,21/09/2022,294,07/12/2022,(013) 7341860
94194037,Hamil,Lynett,hlynett65@nasa.gov,Male,22/05/2023,295,25/08/2023,(011) 0733004
44066686,Baillie,Swancock,bswancockdb@lulu.com,Male,18/04/2023,295,10/07/2023,(326) 8533473
26716118,Corella,Hansemann,chansemannjb@narod.ru,Female,05/02/2023,295,15/10/2023,(170) 7004833
45449986,Brita,McMeeking,bmcmeekingkg@nyu.edu,Female,02/08/2022,295,07/07/2023,(577) 6484834
77585085,Katleen,Anscombe,kanscombeoe@discuz.net,Female,11/05/2023,295,30/08/2023,(508) 6840356
19864645,Rorie,Greasty,rgreasty8c@lycos.com,Female,21/05/2023,296,25/09/2023,(385) 6700306
20033274,Kit,Orringe,korringebm@howstuffworks.com,Male,04/05/2023,296,26/07/2023,(878) 5232510
51933182,Marillin,Frogley,mfrogleylv@fema.gov,Female,14/06/2022,296,18/09/2023,(507) 6103804
86827836,Elisabetta,Pyatt,epyattoj@example.com,Female,22/06/2022,297,31/07/2022,(560) 4564873
3616656,Xenia,Lawlor,xlawlor1@mtv.com,Female,25/11/2022,298,04/11/2023,(272) 8504781
53978629,Gareth,Richfield,grichfieldb5@privacy.gov.au,Male,23/09/2022,298,08/04/2023,(640) 5862523
86081106,Daren,Raft,draftmi@independent.co.uk,Non-binary,18/04/2023,298,30/12/2023,(638) 2326532
13457769,Morse,McCheyne,mmccheyneh7@angelfire.com,Male,05/01/2023,299,20/08/2023,(867) 5860775
19101457,Worthington,Andriveaux,wandriveauxbu@imdb.com,Bigender,22/08/2022,300,23/02/2023,(620) 6550482
96718456,Jocelyn,Caskey,jcaskeyko@gov.uk,Agender,21/06/2022,300,29/05/2023,(870) 4116166
